n.id_cell,n.co2_column,n.Ts,n.insol,n.energy
333,0.0,228.25298301836114,164.3077032707681,-0.9545394417555536
333,0.0,228.24723128775872,164.3077032707681,-0.9397860544158749
333,0.0,228.24141550036984,164.27767048025098,-0.9502524129420056
333,0.0,228.23568129549406,164.27767048025098,-0.9369224930617167
333,0.0,228.23014126960663,164.24624364458955,-0.9051952238386961
333,0.0,228.2243965064542,164.24624364458955,-0.938647629689908
333,0.0,228.21857959691857,164.21348761358797,-0.9504357626029476
333,0.0,228.21284912322707,164.21348761358797,-0.936312847862681
333,0.0,228.20730187737865,164.17947166616023,-0.9063749068114697
333,0.0,228.20154978371244,164.17947166616023,-0.9398453760933164
333,0.0,228.19571405515313,164.14426937089794,-0.9535106381901269
333,0.0,228.18996203416188,164.14426937089794,-0.9398335015962029
333,0.0,228.1843810064802,164.10795844205407,-0.9118945839261458
333,0.0,228.1784120366861,164.07062059126145,-0.9752811735263198
333,0.0,228.172538555262,164.07062059126145,-0.9596791495971158
333,0.0,228.1665606168157,164.03234137530515,-0.9767465784359959
333,0.0,228.16094908749568,164.03234137530515,-0.9168783038433733
333,0.0,228.15492844081066,163.99321004026618,-0.9837247576882755
333,0.0,228.14900576649777,163.99321004026618,-0.9677168679967212
333,0.0,228.14297243187278,163.95331936235513,-0.9857978640046606
333,0.0,228.13702832014752,163.95331936235513,-0.971219567019352
333,0.0,228.13097052326705,163.91276548574905,-0.9897947978241463
333,0.0,228.1250025623752,163.91276548574905,-0.9751163271001722
333,0.0,228.11919998722826,163.87164775774613,-0.9480936399379452
333,0.0,228.11318819853915,163.87164775774613,-0.982277433118863
333,0.0,228.10706822712234,163.83006856154535,-0.9999536119677007
333,0.0,228.10083419719084,163.78813314695836,-1.0185898466795202
333,0.0,228.0950194694545,163.78813314695836,-0.9500792743211246
333,0.0,228.08908035797919,163.7459494593517,-0.970402566801955
333,0.0,228.08287011894203,163.7459494593517,-1.0147026078158983
333,0.0,228.07655361700654,163.7036279671167,-1.0320651021415348
333,0.0,228.07033276540585,163.7036279671167,-1.016436614480049
333,0.0,228.06399515041437,163.66128148795443,-1.0355148039729658
333,0.0,228.05799452398094,163.66128148795443,-0.9804536112218288
333,0.0,228.05162264065913,163.61902501426025,-1.0411139707585642
333,0.0,228.0453556015598,163.61902501426025,-1.023983276537764
333,0.0,228.0389737628912,163.5769755378819,-1.0427405935464766
333,0.0,228.0326925734981,163.5769755378819,-1.0262953195850866
333,0.0,228.02630223848334,163.53525187452132,-1.0441288274877585
333,0.0,228.01980578424008,163.49397448803975,-1.0614678473328023
333,0.0,228.0134067375933,163.49397448803975,-1.0455522373894286
333,0.0,228.00690513964778,163.4532653149184,-1.062308286495113
333,0.0,228.00050049548582,163.4532653149184,-1.0464668258977232
333,0.0,227.9939920242108,163.41324758911895,-1.063431332697331
333,0.0,227.9875805773876,163.41324758911895,-1.047578325479726
333,0.0,227.98106971045053,163.37404566757778,-1.0638227644129958
333,0.0,227.97466013526318,163.37404566757778,-1.0472725153847418
333,0.0,227.96815927363798,163.33578485655977,-1.0621879777339782
333,0.0,227.96175889086953,163.33578485655977,-1.0457705488149367
333,0.0,227.95526808124183,163.2985912390873,-1.060545563005075
333,0.0,227.94887331430084,163.2985912390873,-1.044852968227323
333,0.0,227.94239432228707,163.2625915036509,-1.058614660893112
333,0.0,227.9358415185475,163.22791277439703,-1.0706748972546987
333,0.0,227.92938730951624,163.22791277439703,-1.0545653228823488
333,0.0,227.9228670675043,163.19468244297985,-1.0653545754858924
333,0.0,227.91644687980298,163.19468244297985,-1.0490065139561249
333,0.0,227.9099635825936,163.16302800225202,-1.0593180948795378
333,0.0,227.90357527290172,163.16302800225202,-1.043797906185545
333,0.0,227.897135968384,163.1330768819611,-1.0521300464539909
333,0.0,227.89079478941397,163.1330768819611,-1.036097129111709
333,0.0,227.8844062639104,163.10495628660598,-1.0438331680632125
333,0.0,227.87811054125146,163.10495628660598,-1.0286699371588837
333,0.0,227.87177646426645,163.07879303559858,-1.0349367224575383
333,0.0,227.86553422455273,163.07879303559858,-1.0199312583983906
333,0.0,227.85926316731133,163.0547134058656,-1.0246398083131143
333,0.0,227.85297986844748,163.03284297701484,-1.026639989969229
333,0.0,227.8467868436025,163.03284297701484,-1.0118899486572026
333,0.0,227.8405863100151,163.01330647917973,-1.0131168161666932
333,0.0,227.8344747071887,163.01330647917973,-0.9985862522832891
333,0.0,227.8283666565431,162.99622764364668,-0.9980058547944088
333,0.0,227.82235019871285,162.99622764364668,-0.9830403328492472
333,0.0,227.81635264589664,162.98172905635982,-0.9799514071377174
333,0.0,227.81044018674223,162.98172905635982,-0.9660477940842516
333,0.0,227.8048334054178,162.96993201438684,-0.9161025199327519
333,0.0,227.79900927194663,162.96993201438684,-0.9516160949873055
333,0.0,227.79323435322084,162.96095638542167,-0.9435748054030068
333,0.0,227.78754183355943,162.96095638542167,-0.9301114676761107
333,0.0,227.78190195213807,162.95492047038914,-0.9215108068738691
333,0.0,227.77632760744441,162.95194086920844,-0.9108026379763634
333,0.0,227.77083647836724,162.95194086920844,-0.8972058822738802
333,0.0,227.7656942692512,162.95213234976322,-0.8401951951847997
333,0.0,227.76061346549514,162.95213234976322,-0.8301620582125663
333,0.0,227.7553451562672,162.95560772011706,-0.8607989290545519
333,0.0,227.75016045696478,162.95560772011706,-0.8471377464583936
333,0.0,227.74508963551764,162.9624777040058,-0.828531030028275
333,0.0,227.7400938618782,162.9624777040058,-0.816268827925565
333,0.0,227.73522120788817,162.97285081962957,-0.7961520774102362
333,0.0,227.73041546267396,162.97285081962957,-0.7852197269986502
333,0.0,227.7257478093918,162.9868332617596,-0.7626566271340008
333,0.0,227.72114365240483,162.9868332617596,-0.7522818483327277
333,0.0,227.7166929279918,163.00452878716902,-0.7272122122117572
333,0.0,227.71241210151035,163.02603860338766,-0.6994522704078905
333,0.0,227.70818837193096,163.02603860338766,-0.6901231004579231
333,0.0,227.70415044377526,163.05146126077724,-0.6597646572428916
333,0.0,227.70016997459712,163.05146126077724,-0.6503763270963404
333,0.0,227.6963910307736,163.0808925479142,-0.6174487213054719
333,0.0,227.6926602875126,163.0808925479142,-0.609573140966981
333,0.0,227.6891477053001,163.11442539026436,-0.5739273979435452
333,0.0,227.68568395523732,163.11442539026436,-0.565948621379395
333,0.0,227.68245489425186,163.15214975212726,-0.5276023327200986
333,0.0,227.67926493543618,163.15214975212726,-0.5212133558338187
333,0.0,227.67632683915153,163.19415254182115,-0.4800610643499034
333,0.0,227.67342342273207,163.19415254182115,-0.4743946561102693
333,0.0,227.67078945517727,163.2405175200806,-0.4303689005807868
333,0.0,227.66843403716433,163.29132521162705,-0.38485616832334485
333,0.0,227.6661041242722,163.29132521162705,-0.38068883878154336
333,0.0,227.66407964820698,163.34665281987637,-0.33078294258403035
333,0.0,227.6620752180279,163.34665281987637,-0.3275076076346637
333,0.0,227.66039908760962,163.40657414473884,-0.2738660937681589
333,0.0,227.65873689514422,163.40657414473884,-0.27158874549519013
333,0.0,227.6574155335429,163.47115950346745,-0.2158997511557667
333,0.0,227.65610249415155,163.47115950346745,-0.21453996964971073
333,0.0,227.65514878166417,163.54047565450705,-0.15582887265297868
333,0.0,227.65419792135128,163.54047565450705,-0.15536285050893078
333,0.0,227.65363011563113,163.61458572429345,-0.09277484192204632
333,0.0,227.65305843226938,163.61458572429345,-0.09340841705882362
333,0.0,227.65288246267704,163.69354913695418,-0.02875200184185614
333,0.0,227.6531072669678,163.7774215468559,0.03673119484077182
333,0.0,227.65331621646814,163.7774215468559,0.03414065089001733
333,0.0,227.65395832008048,163.8662547739487,0.10491451392031331
333,0.0,227.65458323267654,163.8662547739487,0.10210564152023273
333,0.0,227.65565937090847,163.96009674185208,0.1758322447453146
333,0.0,227.6567051786181,163.96009674185208,0.17087648380200748
333,0.0,227.6582211125286,164.05899141863182,0.24769128580207495
333,0.0,227.65970596638354,164.05899141863182,0.24261305721694792
333,0.0,227.66167927316567,164.16297876021483,0.3224222974123448
333,0.0,227.66360783135374,164.16297876021483,0.31511074067459843
333,0.0,227.66604398268512,164.27209465639052,0.39804733669502523
333,0.0,227.6684283623538,164.27209465639052,0.38958826759626447
333,0.0,227.67133938318028,164.38637087935038,0.4756371544397509
333,0.0,227.67478267968914,164.50583503471623,0.562606676832536
333,0.0,227.67815864900362,164.50583503471623,0.5516059602208315
333,0.0,227.68209758245237,164.6305105150128,0.6435897263464692
333,0.0,227.68596104563002,164.6305105150128,0.6312584971546422
333,0.0,227.69041301684308,164.76041645553994,0.7274159292067559
333,0.0,227.69478094271562,164.76041645553994,0.7136836033373974
333,0.0,227.6997555325833,164.895567692605,0.8128075717151089
333,0.0,227.70464419232184,164.895567692605,0.7987672866874799
333,0.0,227.71015663705856,165.03597472407742,0.9006886878804069
333,0.0,227.71557373714955,165.03597472407742,0.8851101473295898
333,0.0,227.72164212632092,165.18164367223108,0.9915254921077119
333,0.0,227.72758932907084,165.18164367223108,0.9717246153382002
333,0.0,227.73419711310007,165.33257624884558,1.0796582299376734
333,0.0,227.7414490909642,165.48876972253873,1.1849142692445211
333,0.0,227.7485789055344,165.48876972253873,1.1649537794494322
333,0.0,227.75639516552704,165.65021688830907,1.2771133849182337
333,0.0,227.76407244493285,165.65021688830907,1.254405086084432
333,0.0,227.77245473346898,165.81690603927066,1.3695978506099395
333,0.0,227.78069767121355,165.81690603927066,1.3468290633277054
333,0.0,227.78966290397088,165.98882094056813,1.4648462006229417
333,0.0,227.7984014758509,165.98882094056813,1.427811654624521
333,0.0,227.8079577408064,166.16594080546352,1.5614160603605256
333,0.0,227.8173567112296,166.16594080546352,1.5357154116173029
333,0.0,227.82751990632983,166.3482402735926,1.6605835154222328
333,0.0,227.8375069330719,166.3482402735926,1.6317990368579796
333,0.0,227.8482751005284,166.53568939139424,1.7594310837526335
333,0.0,227.8598004115786,166.72825359471943,1.883142196058112
333,0.0,227.87112971957654,166.72825359471943,1.8511168896202574
333,0.0,227.88327150870714,166.92589369363597,1.9838697062435815
333,0.0,227.8952066208111,166.92589369363597,1.9501003591015924
333,0.0,227.9081600031626,167.12856585944647,2.1164774453041915
333,0.0,227.92069513641812,167.12856585944647,2.0481389408008623
333,0.0,227.93407545248593,167.33622161394592,2.186234946217829
333,0.0,227.94723009269472,167.33622161394592,2.1493613442059605
333,0.0,227.961235688279,167.5488078209501,2.288400539552025
333,0.0,227.97500660935492,167.5488078209501,2.2500566313373063
333,0.0,227.98964413040602,167.76626668013122,2.391652027180464
333,0.0,228.00512603021951,167.9885357232043,2.5296166573780368
333,0.0,228.02035245611532,167.9885357232043,2.4878742946472716
333,0.0,228.0364719868923,168.21554781251197,2.6338003768106026
333,0.0,228.05233538691684,168.21554781251197,2.591950692620454
333,0.0,228.06910485067755,168.44723114206326,2.739994146413734
333,0.0,228.08559757473975,168.44723114206326,2.6947771278625505
333,0.0,228.10301021398377,168.68350924108557,2.8450837953437635
333,0.0,228.12013659912694,168.68350924108557,2.7983122007436183
333,0.0,228.13819625404233,168.9243009801559,2.9508008998124806
333,0.0,228.1559703203983,168.9243009801559,2.9041380492708466
333,0.0,228.1746891098035,169.16952057998245,3.058498120756349
333,0.0,228.19310105369811,169.16952057998245,3.0083620570832847
333,0.0,228.21247015363693,169.4190776229121,3.1647535789442807
333,0.0,228.2327760193931,169.67287706724684,3.317813503383391
333,0.0,228.2527513413289,169.67287706724684,3.263805328413351
333,0.0,228.2737016389293,169.93081926445353,3.4231084314890228
333,0.0,228.29432190378236,169.93081926445353,3.3691837616944458
333,0.0,228.3159267561746,170.19279997935942,3.5300573669875925
333,0.0,228.3371796690523,170.19279997935942,3.4725533094002468
333,0.0,228.35942785079132,170.4587104134275,3.635172155958468
333,0.0,228.3813147524213,170.4587104134275,3.5761419211183014
333,0.0,228.40420688736714,170.72843723121105,3.740388878592904
333,0.0,228.4267282672934,170.72843723121105,3.679810520343971
333,0.0,228.45026412831396,171.00186259009104,3.8455684896869293
333,0.0,228.4734196603718,171.00186259009104,3.783425826903918
333,0.0,228.4975982175121,171.2788641734014,3.950579814503527
333,0.0,228.52275995081706,171.55931522705157,4.11122281267111
333,0.0,228.54751830581313,171.55931522705157,4.045314073965151
333,0.0,228.57330971767965,171.84308459975875,4.214107174230468
333,0.0,228.5986868020336,171.84308459975875,4.146409424601793
333,0.0,228.62511555100576,172.1300367870017,4.3182428796821295
333,0.0,228.6511309828834,172.1300367870017,4.250710224151059
333,0.0,228.67818881534959,172.42003197881274,4.421030012050225
333,0.0,228.70481053139076,172.42003197881274,4.349772131129232
333,0.0,228.73248055899361,172.71292611152407,4.521057724015853
333,0.0,228.75970547114142,172.71292611152407,4.448329474698966
333,0.0,228.78798364203072,173.008570923584,4.620423396575849
333,0.0,228.81580783682327,173.008570923584,4.546247390384737
333,0.0,228.84468957888976,173.30681401556183,4.719042023623989
333,0.0,228.874580473767,173.6074989144563,4.883929394726976
333,0.0,228.90399473551076,173.6074989144563,4.806051412797776
333,0.0,228.9344665756057,173.91046514242342,4.978851123807668
333,0.0,228.96445177707636,173.91046514242342,4.899338325960916
333,0.0,228.99549669424496,174.2155482900374,5.072487262067782
333,0.0,229.02604634177325,174.2155482900374,4.991564226321603
333,0.0,229.0576704097985,174.52258009419575,5.167115807128525
333,0.0,229.0887888881374,174.52258009419575,5.084506559697125
333,0.0,229.1209672527407,174.83138852077752,5.257683364975778
333,0.0,229.1526316443132,174.83138852077752,5.173704347164994
333,0.0,229.18535571605292,175.1417978521582,5.346847477840466
333,0.0,229.21755770488835,175.1417978521582,5.2615433725862575
333,0.0,229.25019570365947,175.45362877968375,5.33278385401091
333,0.0,229.2845125381559,175.766698501198,5.607091972971449
333,0.0,229.318289129792,175.766698501198,5.5188206784261515
333,0.0,229.35310801020327,176.0808208237153,5.689122196927639
333,0.0,229.38736940005379,176.0808208237153,5.59803276824989
333,0.0,229.42268490450314,176.39580627132034,5.770266530264857
333,0.0,229.45675447178274,176.39580627132034,5.5666905184973645
333,0.0,229.49261012527043,176.71146219837541,5.858522495054126
333,0.0,229.52789442281482,176.71146219837541,5.765167575515066
333,0.0,229.56420210822446,177.0275929081023,5.9323808388794195
333,0.0,229.59992421300012,177.0275929081023,5.83670172043385
333,0.0,229.63666634074283,177.3439997766021,6.00336518676947
333,0.0,229.67281802307514,177.3439997766021,5.906891203379785
333,0.0,229.70998509865848,177.66048138236553,6.072798211728167
333,0.0,229.74810556975578,177.9768336413165,6.228575293497253
333,0.0,229.78561837045146,177.9768336413165,6.129286886479337
333,0.0,229.82414052158757,178.29284994742375,6.294206548664005
333,0.0,229.86204671595152,178.29284994742375,6.193564216016003
333,0.0,229.90095285568438,178.60832131890137,6.356947165918741
333,0.0,229.93923651510823,178.60832131890137,6.255238940344191
333,0.0,229.97849487367958,178.9230365500114,6.41449686276733
333,0.0,230.01714191456165,178.9230365500114,6.314612518572503
333,0.0,230.05675247629284,179.23678236846672,6.472043997849744
333,0.0,230.09573032291107,179.23678236846672,6.368663488452619
333,0.0,230.13566181408467,179.5493435984216,6.524481261566555
333,0.0,230.1749721611338,179.5493435984216,6.42299135769401
333,0.0,230.21523798579815,179.86050332902417,6.579108637892135
333,0.0,230.2563748685922,180.17004308849087,6.721432459963368
333,0.0,230.29687173239256,180.17004308849087,6.616858555794467
333,0.0,230.3382721572958,180.47774302365005,6.764493099638271
333,0.0,230.3790116207696,180.47774302365005,6.656497371599292
333,0.0,230.4206419986713,180.7833820848854,6.802065551491509
333,0.0,230.46160920037826,180.7833820848854,6.693707948794376
333,0.0,230.5034685260924,181.0867382163982,6.839473764115061
333,0.0,230.54467547394495,181.0867382163982,6.732880521325384
333,0.0,230.5867404255323,181.38758855168848,6.873071361326791
333,0.0,230.628134171832,181.38758855168848,6.76340187007274
333,0.0,230.6703707575984,181.68570961414295,6.901114991862109
333,0.0,230.71193448650754,181.68570961414295,6.791175647552189
333,0.0,230.75432442883059,181.98087752259883,6.926172207373213
333,0.0,230.79746964186947,182.27286820173845,7.049577306659336
333,0.0,230.8399309045757,182.27286820173845,6.937825378592548
333,0.0,230.88318835870135,182.56145759715287,7.067916588411031
333,0.0,230.92575816840886,182.56145759715287,6.955561076785736
333,0.0,230.9690880305128,182.84642189489452,7.079747463836105
333,0.0,231.01173033845114,182.84642189489452,6.967406698742276
333,0.0,231.05511322306936,183.1275377453255,7.088410911922073
333,0.0,231.09782382571407,183.1275377453255,6.978565498947887
333,0.0,231.14125211249328,183.40458249104748,7.095829256190465
333,0.0,231.18399076825062,183.40458249104748,6.983149149654212
333,0.0,231.2274406345411,183.67733439868638,7.099355173023914
333,0.0,231.2702142443347,183.67733439868638,6.988860355219082
333,0.0,231.31365801323574,183.94557289428505,7.098358909119248
333,0.0,231.35677057875995,184.20907880204277,7.044242967984478
333,0.0,231.40019431646772,184.20907880204277,7.095085974870252
333,0.0,231.44423247129424,184.46763458612372,7.195476740663661
333,0.0,231.4875673615724,184.46763458612372,7.080569026653544
333,0.0,231.53150239364757,184.72102459523816,7.178627320844946
333,0.0,231.57473525053354,184.72102459523816,7.0638975992708986
333,0.0,231.61852784118477,184.96903530968873,7.1553535493385825
333,0.0,231.66162290472263,184.96903530968873,7.041383285599513
333,0.0,231.7052537348719,185.21145559055364,7.128923197428958
333,0.0,231.74819148305744,185.21145559055364,7.015679235031656
333,0.0,231.7916399025494,185.44807693066673,7.0991187778985845
333,0.0,231.83439966693058,185.44807693066673,6.986598127306487
333,0.0,231.8776579711145,185.67869370703906,7.068055481029023
333,0.0,231.92132861142798,185.90310343435172,7.13542785485247
333,0.0,231.96430887812642,185.90310343435172,7.022626414624499
333,0.0,232.00770697925267,186.1211070191367,7.090897165718553
333,0.0,232.05041911677594,186.1211070191367,6.978816285633853
333,0.0,232.09352140350225,186.33250901424913,7.042563495912738
333,0.0,232.13594365217764,186.33250901424913,6.93145080289629
333,0.0,232.17872746426133,186.5371178732233,6.990527326535481
333,0.0,232.22083731238135,186.5371178732233,6.880407090033163
333,0.0,232.26234544022557,186.73474620409218,6.782090885235058
333,0.0,232.30419801828586,186.73474620409218,6.838371252289968
333,0.0,232.34634933898633,186.9252110222386,6.887183372763148
333,0.0,232.38784568961628,186.9252110222386,6.7801665840990655
333,0.0,232.42960490997973,187.1083340018403,6.823117363045971
333,0.0,232.47156145893905,187.28394172545708,6.8553592525496745
333,0.0,232.51285501601808,187.28394172545708,6.747031765337928
333,0.0,232.55434136977684,187.45186593130498,6.77853317655825
333,0.0,232.59517332263252,187.45186593130498,6.671609385233995
333,0.0,232.6361674443226,187.61194375775256,6.698106455345096
333,0.0,232.6765165007386,187.61194375775256,6.592708029948343
333,0.0,232.71700876578888,187.76401798456948,6.616107157393076
333,0.0,232.75686375198765,187.76401798456948,6.51198097019542
333,0.0,232.79681610037136,187.90793727045468,6.527889160258222
333,0.0,232.83614070048537,187.90793727045468,6.4253201927016015
333,0.0,232.87553012721236,188.04355638636403,6.435912334622813
333,0.0,232.91430213587557,188.04355638636403,6.335031238794527
333,0.0,232.95310640843087,188.17073644415984,6.340302896654575
333,0.0,232.99188448161127,188.2893451200988,6.336022131637946
333,0.0,233.03005785033233,188.2893451200988,6.23721833549066
333,0.0,233.0681882659119,188.39925687267973,6.230200141117669
333,0.0,233.10573528593522,188.39925687267973,6.134878046621789
333,0.0,233.14320405177327,188.50035315436915,6.12209194846941
333,0.0,233.18008890374372,188.50035315436915,6.026685166117025
333,0.0,233.21687215411515,188.59252261673058,6.010084290231365
333,0.0,233.25308193920847,188.59252261673058,5.916384722515763
333,0.0,233.28830561232695,188.6756613084833,5.755262036822376
333,0.0,233.32388833255123,188.6756613084833,5.813927417077077
333,0.0,233.3592834372063,188.74967286602308,5.783272557222275
333,0.0,233.39412380962384,188.74967286602308,5.692633816150457
333,0.0,233.42874355844694,188.81446869594652,5.656585713129279
333,0.0,233.463094794234,188.86996814912496,5.6127128643913755
333,0.0,233.49691200277292,188.86996814912496,5.525457150383837
333,0.0,233.5304344850069,188.91609868588526,5.477301266462625
333,0.0,233.56343783584987,188.91609868588526,5.392479414495045
333,0.0,233.59611347069347,188.95279603186796,5.3389332825080835
333,0.0,233.62829316094295,188.95279603186796,5.257899964789874
333,0.0,233.66011084007818,188.98000432413892,5.1987502896340345
333,0.0,233.69143864573374,188.98000432413892,5.118708942701006
333,0.0,233.72237097027798,188.99767624715275,5.054090541926929
333,0.0,233.75283552460826,188.99767624715275,4.977660689046769
333,0.0,233.78287028573922,189.00577315817307,4.907435971840529
333,0.0,233.81244414980773,189.0042652017772,4.832129136080093
333,0.0,233.8415656125141,189.0042652017772,4.75821042873647
333,0.0,233.870183771712,188.99313141308417,4.675974724197259
333,0.0,233.89836666069326,188.99313141308417,4.604855106852867
333,0.0,233.92601415831433,188.9723598093705,4.517376508020704
333,0.0,233.95324337663033,188.9723598093705,4.449033067598816
333,0.0,233.9799051594044,188.94194746975026,4.356318709790688
333,0.0,234.0061657420261,188.94194746975026,4.290765864168354
333,0.0,234.031831642439,188.90190060262339,4.193599622341271
333,0.0,234.0571172953451,188.90190060262339,4.131470268797354
333,0.0,234.08177042708445,188.85223460061465,4.028121448632866
333,0.0,234.10605559894557,188.85223460061465,3.967999793773605
333,0.0,234.12968107920864,188.79297408274837,3.8602115458622523
333,0.0,234.15261848795143,188.7241529236311,3.7477862492206993
333,0.0,234.17521637808343,188.7241529236311,3.692311666402365
333,0.0,234.19708597247595,188.6458142694361,3.573314059114445
333,0.0,234.21863718156018,188.6458142694361,3.5212924862480546
333,0.0,234.2394262544672,188.55801054050963,3.396765626342813
333,0.0,234.25991473142892,188.55801054050963,3.347650690872181
333,0.0,234.27961148573894,188.46080342044857,3.2182896413918627
333,0.0,234.29902364601776,188.46080342044857,3.17178928868692
333,0.0,234.31761566106115,188.35426383152227,3.0377842199292036
333,0.0,234.3359421494054,188.35426383152227,2.994399314380399
333,0.0,234.35342045524482,188.23847189634168,2.855813183569478
333,0.0,234.3706523717833,188.23847189634168,2.815555173422709
333,0.0,234.38700852114496,188.11351688570656,2.672461931301744
333,0.0,234.40248180870444,187.97949715259085,2.528209485034073
333,0.0,234.41774206047918,187.97949715259085,2.4934011684735125
333,0.0,234.43206923493034,187.83652005225494,2.3409439139492068
333,0.0,234.44620360218374,187.83652005225494,2.309440784169825
333,0.0,234.45937920037355,187.68470184850415,2.152785708043639
333,0.0,234.47238134345838,187.68470184850415,2.1244445530067866
333,0.0,234.4843997207326,187.52416760614122,1.9637052114859097
333,0.0,234.49626401568062,187.52416760614122,1.9385294111230582
333,0.0,234.5071202458453,187.35505106969245,1.7738198148630477
333,0.0,234.5178417885617,187.35505106969245,1.7518129799874782
333,0.0,234.5275299797662,187.17749452851487,1.5829717377047912
333,0.0,234.53710277072523,187.17749452851487,1.5641162750868798
333,0.0,234.54562112064116,186.99164866842423,1.391829174732538
333,0.0,234.5530938480364,186.79767241001113,1.2209829492990811
333,0.0,234.56048728770924,186.79767241001113,1.2080279795753182
333,0.0,234.56678160915598,186.59573273384385,1.0284409904710456
333,0.0,234.5730172535617,186.59573273384385,1.0188536386460485
333,0.0,234.57813362457367,186.38600449278485,0.8359734588858967
333,0.0,234.58320626427337,186.38600449278485,0.8288281177242164
333,0.0,234.58714067851525,186.16867021167778,0.6428513246555604
333,0.0,234.59105564236128,186.16867021167778,0.6396732879834838
333,0.0,234.59381405540006,185.94391987468842,0.4507022816876061
333,0.0,234.59657238345608,185.94391987468842,0.4506883961940233
333,0.0,234.5981513560444,185.71195070061188,0.2579912936472506
333,0.0,234.59974995155724,185.71195070061188,0.2611975200972926
333,0.0,234.60015268842892,185.47296690648773,0.06580393306877691
333,0.0,234.59939128349632,185.22717945988475,-0.12440738047147472
333,0.0,234.5986870740522,185.22717945988475,-0.11506210229799445
333,0.0,234.59675685219423,184.9748058202508,-0.31538257081934523
333,0.0,234.5949048483262,184.9748058202508,-0.30260238669201817
333,0.0,234.59182066940767,184.71606966974068,-0.5039297799785465
333,0.0,234.588833323438,184.71606966974068,-0.4881080627852973
333,0.0,234.58460115178696,184.45120063396362,-0.6915024663845709
333,0.0,234.58048430420388,184.45120063396362,-0.6726594505511456
333,0.0,234.5751030328816,184.18043399311088,-0.8792560175878226
333,0.0,234.5698564509124,184.18043399311088,-0.857248871486423
333,0.0,234.56334390650696,183.90401038394853,-1.0640968491178173
333,0.0,234.55698392261692,183.90401038394853,-1.0391697002744915
333,0.0,234.54934828043,183.62217549317867,-1.2476019027709062
333,0.0,234.54047779697112,183.33517974269122,-1.449364934982213
333,0.0,234.53178683875203,183.33517974269122,-1.420031969227825
333,0.0,234.52180789075547,183.0432779672493,-1.6304790354714807
333,0.0,234.51203180601755,183.0432779672493,-1.597332827034711
333,0.0,234.50096206468098,182.74672908516266,-1.808705805820651
333,0.0,234.49011894563753,182.74672908516266,-1.7716775641625901
333,0.0,234.47797658001144,182.44579576252295,-1.9839639009226453
333,0.0,234.46606630015552,182.44579576252295,-1.9460429715030996
333,0.0,234.452917190801,182.14074407158617,-2.1484576475475183
333,0.0,234.43995875056976,182.14074407158617,-2.1173038617643467
333,0.0,234.42568308639912,181.83184314389996,-2.3325275525735223
333,0.0,234.4116751240676,181.83184314389996,-2.288787246819017
333,0.0,234.3963632103916,181.51936481878394,-2.5018423034482886
333,0.0,234.37978921024404,181.20358328778227,-2.7080569799357423
333,0.0,234.36351916078192,181.20358328778227,-2.6583939071748905
333,0.0,234.34593759403495,180.88477473571103,-2.872685176989855
333,0.0,234.3286912021407,180.88477473571103,-2.8179203289564962
333,0.0,234.31014775190334,180.56321697893438,-3.0298491251531763
333,0.0,234.29193920962535,180.56321697893438,-2.9751278853246497
333,0.0,234.27243652362299,180.23918910150368,-3.1865804565000637
333,0.0,234.25329804568742,180.23918910150368,-3.1270718171443517
333,0.0,234.2328676351668,179.91297108979904,-3.338163106113418
333,0.0,234.2128147080967,179.91297108979904,-3.276485376911703
333,0.0,234.191458974769,179.5848434663134,-3.4893533356363635
333,0.0,234.17048094357312,179.5848434663134,-3.427639875683874
333,0.0,234.1482228838271,179.25508692322032,-3.636786142056864
333,0.0,234.1247504762391,178.9239819563613,-3.8352007142931965
333,0.0,234.1017015119061,178.9239819563613,-3.7660135264004393
333,0.0,234.0773749682413,178.59180850029293,-3.9747596103989267
333,0.0,234.05348721775223,178.59180850029293,-3.903064370152139
333,0.0,234.02834691721228,178.25884556501975,-4.107720872984805
333,0.0,234.00364001792033,178.25884556501975,-4.036906629929606
333,0.0,233.9776911355903,177.92537087504215,-4.239836568705817
333,0.0,233.9522049924737,177.92537087504215,-4.1642287404432965
333,0.0,233.92548614224341,177.59166051133448,-4.365643068531946
333,0.0,233.89922334752984,177.59166051133448,-4.291127302011857
333,0.0,233.8717405474612,177.25798855686375,-4.49046626592762
333,0.0,233.8447255441228,177.25798855686375,-4.41403208049971
333,0.0,233.81610405463033,176.9246267462477,-4.6765188672752
333,0.0,233.7867597019713,176.5918441201396,-4.7946288362796405
333,0.0,233.75791168653836,176.5918441201396,-4.71353136569364
333,0.0,233.72787438490562,176.25990668491616,-4.907851069196631
333,0.0,233.69834492987894,176.25990668491616,-4.824873059418007
333,0.0,233.66766158899333,175.92907707822985,-5.01340863480578
333,0.0,233.63749502597156,175.92907707822985,-4.928971330063427
333,0.0,233.60619083072268,175.59961424097128,-5.1148511940562456
333,0.0,233.57541212576035,175.59961424097128,-5.028990350224068
333,0.0,233.5435128309884,175.27177309617664,-5.212085621649114
333,0.0,233.5121662688518,175.27177309617664,-5.121773599327783
333,0.0,233.4797144706068,174.94580423538977,-5.3023602007019095
333,0.0,233.44782116890414,174.94580423538977,-5.211106402811457
333,0.0,233.41483929105254,174.62195361298083,-5.388970902151678
333,0.0,233.38133561838066,174.30046224889614,-5.474227936818722
333,0.0,233.34785875478153,174.30046224889614,-5.469847552125636
333,0.0,233.31332873812426,173.98156594030138,-5.641924206200411
333,0.0,233.2793899360077,173.98156594030138,-5.545324553165805
333,0.0,233.24443380495399,173.66549498255475,-5.711547836904189
333,0.0,233.21007225860882,173.66549498255475,-5.614397525822353
333,0.0,233.17471237630056,173.3524738999317,-5.777517511890935
333,0.0,233.13995045790645,173.3524738999317,-5.679815066069813
333,0.0,233.1041905448262,173.04272118649646,-5.842879290261293
333,0.0,233.06903440631052,173.04272118649646,-5.74422743136155
333,0.0,233.03290332686942,172.73644905749734,-5.903524858333287
333,0.0,232.9973810998836,172.73644905749734,-5.804043313345713
333,0.0,232.96092732016774,172.4338632116395,-5.956251461668445
333,0.0,232.92362181291247,172.13516260456592,-6.095416822327097
333,0.0,232.8869371062826,172.13516260456592,-5.993983043410302
333,0.0,232.8493746313026,171.84053923385594,-6.137403260992623
333,0.0,232.81243566672296,171.84053923385594,-6.035526726857569
333,0.0,232.77464177738176,171.5501779358256,-6.175214487642689
333,0.0,232.73747244042227,171.5501779358256,-6.0731677022210535
333,0.0,232.69947177660472,171.26425619439252,-6.208999757278978
333,0.0,232.66209649822935,171.26425619439252,-6.1068168565450165
333,0.0,232.62391413174925,170.98294396224446,-6.238688496220014
333,0.0,232.58635773770115,170.98294396224446,-6.13640968611691
333,0.0,232.54799889292778,170.70640349452512,-6.267523615664113
333,0.0,232.51026904982152,170.70640349452512,-6.164749853153563
333,0.0,232.47178465103883,170.43478919523105,-6.288038120807679
333,0.0,232.43260321054439,170.16824747648602,-6.401929073870256
333,0.0,232.39406043837224,170.16824747648602,-6.2975758584331105
333,0.0,232.35482588456983,169.90691663083865,-6.410607356906408
333,0.0,232.3162293346883,169.90691663083865,-6.306362699265114
333,0.0,232.276966292905,169.6509267167036,-6.4152620615530465
333,0.0,232.23831849769329,169.6509267167036,-6.314735769906735
333,0.0,232.19903244187668,169.4003994570468,-6.419022367631516
333,0.0,232.1603823717263,169.4003994570468,-6.315107476403996
333,0.0,232.12111944861365,169.1554481513866,-6.415242671736365
333,0.0,232.08248939643084,169.1554481513866,-6.311836703127259
333,0.0,232.04327229863426,168.9161776011667,-6.407755187364636
333,0.0,232.00468482613567,168.9161776011667,-6.304879528635727
333,0.0,231.96553644497985,168.68268404852878,-6.396527446507634
333,0.0,231.92589974532206,168.45505512849297,-6.476314722715392
333,0.0,231.88689393894222,168.45505512849297,-6.373231886362423
333,0.0,231.84736928248063,168.2333698345325,-6.458007774676341
333,0.0,231.80847500728942,168.2333698345325,-6.3550085962009355
333,0.0,231.7691107055592,168.0176984975068,-6.431807114260656
333,0.0,231.73037180582486,168.0176984975068,-6.329621508789903
333,0.0,231.69031366468764,167.8081027778954,-6.545174836743049
333,0.0,231.65181184154167,167.8081027778954,-6.290885120216005
333,0.0,231.61286722602813,167.60463567125583,-6.363233795910435
333,0.0,231.5745354634888,167.60463567125583,-6.263098598632639
333,0.0,231.53648311983798,167.40734152680656,-6.217443822198352
333,0.0,231.49735113975618,167.2162560790177,-6.393847644249774
333,0.0,231.45882384173905,167.2162560790177,-6.295047507211038
333,0.0,231.41997284970108,167.03140649206975,-6.347936480585548
333,0.0,231.38173487293577,167.03140649206975,-6.2477747650593365
333,0.0,231.34319713331126,166.85281141702677,-6.296753581027837
333,0.0,231.30526456612068,166.85281141702677,-6.197873321636059
333,0.0,231.26705636297746,166.68048106154382,-6.24290999708291
333,0.0,231.22928022172874,166.68048106154382,-6.172314593512939
333,0.0,231.19141369088365,166.51441727191852,-6.187083519251203
333,0.0,231.15412495028872,166.51441727191852,-6.092677286237033
333,0.0,231.11659332713813,166.35461362727298,-6.132362322700747
333,0.0,231.07963000139716,166.35461362727298,-6.039507142712773
333,0.0,231.04245191116544,166.20105554563636,-6.074597915795144
333,0.0,231.00513448470133,166.05372040168413,-6.097364324223322
333,0.0,230.96839812186016,166.05372040168413,-6.002423248692837
333,0.0,230.93152061866576,165.91257765586911,-6.025484435813484
333,0.0,230.89519669828894,165.91257765586911,-5.935033500622186
333,0.0,230.85873789591884,165.77758899466735,-5.957072122569963
333,0.0,230.8228455351944,165.77758899466735,-5.86452015933871
333,0.0,230.78685896238136,165.64870848164438,-5.8799136492557915
333,0.0,230.75142819962832,165.64870848164438,-5.7890988007470545
333,0.0,230.71592360412632,165.52588271903355,-5.801162472124371
333,0.0,230.68096466794668,165.52588271903355,-5.712006171688924
333,0.0,230.64595238179194,165.40905101950224,-5.7207231242162235
333,0.0,230.61147551456406,165.40905101950224,-5.633240021213924
333,0.0,230.5769653790268,165.29814558777034,-5.638675792699833
333,0.0,230.5424662297978,165.1930917117289,-5.636880719180371
333,0.0,230.50847377329922,165.1930917117289,-5.554091243311545
333,0.0,230.47449743661392,165.09380796269724,-5.5514573967759455
333,0.0,230.44103647677213,165.09380796269724,-5.467249007372386
333,0.0,230.40759445477607,165.00020640444095,-5.464154717229388
333,0.0,230.3746594001903,165.00020640444095,-5.3813203609020315
333,0.0,230.34176332195528,164.91219281056573,-5.374951941822025
333,0.0,230.30936527099834,164.91219281056573,-5.29357833046971
333,0.0,230.27702547291568,164.82966688988665,-5.284060284045496
333,0.0,230.24515986813662,164.82966688988665,-5.20658095050009
333,0.0,230.21338807123303,164.75252251936456,-5.191253505725305
333,0.0,230.18209566533983,164.75252251936456,-5.112924909112661
333,0.0,230.15091231025716,164.68064798419056,-5.095106892582878
333,0.0,230.11987017944517,164.6139262245899,-5.072031994033797
333,0.0,230.08927762937262,164.6139262245899,-4.998574153522512
333,0.0,230.0588327276875,164.5522350889083,-4.974449606482914
333,0.0,230.0288422665188,164.5522350889083,-4.900197717890889
333,0.0,229.99901291553465,164.49544759253524,-4.873873622570601
333,0.0,229.9696265865902,164.49544759253524,-4.8014874203083515
333,0.0,229.94041442230676,164.44343218221152,-4.77303032958489
333,0.0,229.9116341068617,164.44343218221152,-4.702469737656602
333,0.0,229.8830407624823,164.39605300526185,-4.671920184443819
333,0.0,229.8548559034882,164.39605300526185,-4.6051769909502855
333,0.0,229.82687185032768,164.3531701832868,-4.572366949050357
333,0.0,229.79929965374419,164.3531701832868,-4.505072930213345
333,0.0,229.77193934347036,164.3146400898436,-4.470452428537386
333,0.0,229.74479997593707,164.28031563164004,-4.4343521796357965
333,0.0,229.71805863866476,164.28031563164004,-4.369317268515813
333,0.0,229.69155744530673,164.25004653276218,-4.3300797038081535
333,0.0,229.66543160349016,164.25004653276218,-4.268750311223075
333,0.0,229.63954508555128,164.2236796214549,-4.2296467338326424
333,0.0,229.61403714286396,164.2236796214549,-4.1677906132008715
333,0.0,229.5887888576185,164.20105911896854,-4.1253646966136746
333,0.0,229.56389712868443,164.20105911896854,-4.067106291931336
333,0.0,229.53927382238672,164.1820269299885,-4.023248213765902
333,0.0,229.51500820709916,164.1820269299885,-3.9648044085246936
333,0.0,229.4910175253238,164.1664229341584,-3.919882506139648
333,0.0,229.46737368338006,164.1664229341584,-3.8632116953165614
333,0.0,229.44400071577175,164.15408527821302,-3.818953029442147
333,0.0,229.4209198971322,164.144850668234,-3.7712182613152563
333,0.0,229.3981616249565,164.144850668234,-3.718516789430466
333,0.0,229.37570126790266,164.13855466154627,-3.6698398787257824
333,0.0,229.35356330957558,164.13855466154627,-3.6171625458814467
333,0.0,229.3317269276503,164.1350319577733,-3.567887411781651
333,0.0,229.31020256101536,164.1350319577733,-3.516906648094001
333,0.0,229.28898284546506,164.13411668857637,-3.467129135795628
333,0.0,229.26806502591955,164.13411668857637,-3.4178017811578902
333,0.0,229.2474541377332,164.1356427056036,-3.367651690528574
333,0.0,229.227135115041,164.1356427056036,-3.319963239847675
333,0.0,229.20756080884487,164.1394438661832,-3.198282614328008
333,0.0,229.18779580432215,164.1394438661832,-3.229441171697218
333,0.0,229.1683409449946,164.1453543163003,-3.1787659663653973
333,0.0,229.14919354929302,164.1532087704038,-3.128528907665201
333,0.0,229.13031774332714,164.1532087704038,-3.084153351196042
333,0.0,229.11175994966248,164.1628427875988,-3.0321927246500215
333,0.0,229.09346396519229,164.1628427875988,-2.989415229168632
333,0.0,229.0754848030012,164.17409304378728,-2.9376490425711275
333,0.0,229.0577579256873,164.17409304378728,-2.896427743150304
333,0.0,229.0403399640073,164.1867975993323,-2.845953438144881
333,0.0,229.02316591975446,164.1867975993323,-2.8060993120903857
333,0.0,229.00629967927821,164.2007961618289,-2.755806675538252
333,0.0,228.98966927135936,164.2007961618289,-2.717273551519747
333,0.0,228.97334460782093,164.21593034357753,-2.667317403571613
333,0.0,228.95724762238427,164.21593034357753,-2.6301166513590335
333,0.0,228.94145870480838,164.2320439133691,-2.579780865595353
333,0.0,228.92597175598195,164.2489830422015,-2.5304416250713997
333,0.0,228.91069913752986,164.2489830422015,-2.4954217830875147
333,0.0,228.89572898926593,164.26659654256403,-2.4460006115538717
333,0.0,228.8809648324688,164.26659654256403,-2.4123432793158415
333,0.0,228.86649386517004,164.2847361009374,-2.3644384971009997
333,0.0,228.8522181693665,164.2847361009374,-2.332532721131411
333,0.0,228.83823524047008,164.3032565031769,-2.284696986892743
333,0.0,228.8244440691699,164.3032565031769,-2.253365353468776
333,0.0,228.8109393388902,164.3220158524555,-2.206563217725992
333,0.0,228.7976189564035,164.3220158524555,-2.176442285949441
333,0.0,228.7845783246581,164.34087577946872,-2.1307332874719007
333,0.0,228.77205091930665,164.34087577946872,-2.04687626405491
333,0.0,228.7594296890948,164.35970164461102,-2.06220648403324
333,0.0,228.74707447501333,164.37836273185886,-2.0187416093908577
333,0.0,228.73488608264157,164.37836273185886,-1.991484297257316
333,0.0,228.72296027099728,164.3967324341091,-1.9485807395451793
333,0.0,228.7111970855821,164.3967324341091,-1.922008934851475
333,0.0,228.69968777404085,164.41468842974095,-1.8805280062783942
333,0.0,228.6883346343462,164.41468842974095,-1.8550107952554324
333,0.0,228.67722642413523,164.43211285019007,-1.8149913073857211
333,0.0,228.66644258231887,164.43211285019007,-1.761992146815745
333,0.0,228.6557040069994,164.44889243834106,-1.7545959689583472
333,0.0,228.64511227989414,164.44889243834106,-1.730602163729171
333,0.0,228.63474825231077,164.464918697564,-1.6933979116406226
333,0.0,228.624824762239,164.464918697564,-1.621417661090301
333,0.0,228.61479322174836,164.48008803124287,-1.639072221753779
333,0.0,228.60497126496102,164.49430187266069,-1.6048279472520983
333,0.0,228.59528285329952,164.49430187266069,-1.5830077585885771
333,0.0,228.58579548180796,164.50746680512904,-1.550159428032883
333,0.0,228.5767272754004,164.50746680512904,-1.481671258531259
333,0.0,228.56753507173985,164.5194946722667,-1.5019314023357628
333,0.0,228.55847237080403,164.5194946722667,-1.4807717091721664
333,0.0,228.54959089431458,164.53030267835655,-1.4511611068682502
333,0.0,228.54082995377166,164.53030267835655,-1.431466512419119
333,0.0,228.53223906843346,164.53981347872642,-1.4036808734656594
333,0.0,228.5237642677478,164.53981347872642,-1.3847135842931895
333,0.0,228.51544830615353,164.54795526012106,-1.3587605671353082
333,0.0,228.5072443309237,164.54795526012106,-1.3404629049447498
333,0.0,228.49918797584948,164.55466181105348,-1.3163429707577288
333,0.0,228.49126638645757,164.55987258214114,-1.2943233530831548
333,0.0,228.48345245405574,164.55987258214114,-1.2767330754868618
333,0.0,228.47576539592944,164.56353273645513,-1.2560028495702356
333,0.0,228.4681816896098,164.56353273645513,-1.2391160039734872
333,0.0,228.46071368742358,164.56559318992677,-1.220210888530782
333,0.0,228.4533475119656,164.56559318992677,-1.2035732283602203
333,0.0,228.44608594349566,164.5660106418769,-1.1864812963216427
333,0.0,228.43893637429937,164.5660106418769,-1.1681815248699212
333,0.0,228.43186520924027,164.56474759575102,-1.1553709257926492
333,0.0,228.42489226489687,164.56474759575102,-1.139322458774358
333,0.0,228.4180011851659,164.56177237016087,-1.1259464461583364
333,0.0,228.4112024857225,164.56177237016087,-1.1108522576509283
333,0.0,228.40447461118683,164.55705910035184,-1.0992800430962197
333,0.0,228.39780531141756,164.55058773023117,-1.0897094021165126
333,0.0,228.39149032979128,164.55058773023117,-1.0318166959652455
333,0.0,228.3849425094444,164.5423439951095,-1.0698606513762778
333,0.0,228.3784903102144,164.5423439951095,-1.0542369376798502
333,0.0,228.3720785445523,164.53231939532296,-1.0476304211660186
333,0.0,228.36575393350148,164.53231939532296,-1.033390065707628
333,0.0,228.35945919608977,164.52051116091968,-1.028508955766309
333,0.0,228.35325019556333,164.52051116091968,-1.0145002452248066
333,0.0,228.34706069521187,164.50692220760777,-1.0113140750500036
333,0.0,228.34095865045973,164.50692220760777,-0.9970245405943268
333,0.0,228.33486584624225,164.49156108417472,-0.9955147122964937
333,0.0,228.3288594463047,164.49156108417472,-0.9813969548905281
333,0.0,228.3228524705481,164.47444191160469,-0.9814910390458451
333,0.0,228.31683570653541,164.4555843141277,-0.9830903605742535
333,0.0,228.31090193712248,164.4555843141277,-0.9695297172078424
333,0.0,228.30494980893764,164.4350133424496,-0.9725293913937088
333,0.0,228.29934357719597,164.4350133424496,-0.9160127225762026
333,0.0,228.29342569877625,164.41275938942138,-0.9669332580123207
333,0.0,228.28759854220118,164.41275938942138,-0.9521100456012878
333,0.0,228.28173579946687,164.38885809841443,-0.9579245349239822
333,0.0,228.27595872584732,164.38885809841443,-0.9439268975349071
333,0.0,228.27013741486687,164.3633502646804,-0.9511549229278065
333,0.0,228.26439824709496,164.3633502646804,-0.9377333899696303
