sol;temp_avg_MCD;temp_min_MCD;temp_max_MCD;press_avg_MCD;press_min_MCD;press_max_MCD;sum_var_30;sum_var_31;sum_var_32;sum_var_33;sum_var_34;sum_var_34_N;sum_var_34_S;sum_var_35;sum_var_35_N;sum_var_35_S
1;213.9;145.708;208.801;625.348;221.759;1098.43;98864.3;265.786;250900.4;56.7452;81286.99;79315.95;1969.7;1542.77;848.793;693.983
2;213.811;145.64;208.734;625.657;221.757;1100.8;98647.4;263.977;250339.5;56.7527;80925.7;78909.15;2015.35;1533.42;844.298;689.128
3;213.721;145.573;208.666;625.966;221.756;1103.16;98430.5;262.318;249778.6;56.7602;80562.33;78503.72;2058.32;1524.08;839.814;684.258
4;213.631;145.505;208.6;626.274;221.754;1105.52;98212.54;260.51;249217.7;56.7677;80201.04;78098.29;2103.97;1514.73;835.319;679.403
5;213.541;145.438;208.539;626.585;221.752;1107.88;97995.64;258.851;248656.8;56.7751;79839.75;77692.86;2146.93;1505.35;830.812;674.517
6;213.451;145.37;208.482;626.894;221.75;1110.25;97778.74;257.043;248095.8;56.7826;79478.46;77287.43;2192.58;1495.95;826.305;669.646
7;213.36;145.302;208.428;627.203;221.749;1112.61;97560.78;255.384;247534.9;56.7901;79117.16;76882;2235.55;1486.55;821.798;664.76
8;213.27;145.235;208.374;627.511;221.747;1114.97;97343.88;253.576;246974;56.7976;78755.87;76476.58;2281.2;1477.15;817.279;659.874
9;213.18;145.167;208.319;627.82;221.745;1117.33;97126.98;251.917;246413.1;56.8051;78394.58;76071.15;2324.16;1467.74;812.76;654.973
10;213.089;145.1;208.264;628.129;221.743;1119.7;96910.08;250.108;245852.2;56.8122;78033.29;75664.34;2369.81;1458.32;808.242;650.072
11;212.999;145.032;208.209;628.438;221.741;1122.06;96692.11;248.45;245291.3;56.8197;77672;75258.91;2412.78;1448.89;803.712;645.171
12;212.908;144.965;208.153;628.746;221.739;1124.43;96475.21;246.642;244730.4;56.8272;77310.7;74853.48;2458.43;1439.43;799.182;640.254
13;212.818;144.897;208.098;629.055;221.738;1126.79;96258.31;244.833;244169.5;56.8347;76949.41;74448.06;2501.39;1429.98;794.64;635.337
14;212.727;144.83;208.043;629.366;221.736;1129.15;96041.41;243.174;243606.7;56.8421;76588.12;74042.63;2544.36;1420.52;790.098;630.42
15;212.636;144.762;207.988;629.675;221.733;1131.51;95823.45;241.366;243045.8;56.8496;76226.83;73637.2;2590.01;1411.04;785.556;625.488
16;212.545;144.695;207.933;629.983;221.731;1133.88;95606.55;239.708;242484.9;56.8571;75865.53;73231.77;2632.97;1401.55;781.003;620.556
17;212.454;144.627;207.877;630.292;221.73;1136.24;95389.65;237.899;241924;56.8646;75504.24;72826.34;2678.62;1392.07;776.449;615.609
18;212.362;144.559;207.822;630.601;221.729;1138.6;95171.68;236.241;241363.1;56.8721;75142.95;72419.54;2721.59;1382.56;771.884;610.661
19;212.271;144.492;207.766;630.91;221.727;1140.96;94954.78;234.432;240802.2;56.8795;74781.66;72014.11;2767.24;1373.05;767.319;605.714
20;212.179;144.424;207.712;631.218;221.725;1143.33;94737.88;232.774;240241.3;56.887;74420.37;71608.68;2810.2;1363.51;762.754;600.751
21;212.087;144.356;207.656;631.529;221.723;1145.69;94520.98;231.115;239682.2;56.8942;74059.07;71201.87;2855.85;1354.01;758.201;595.803
22;211.994;144.288;207.602;631.838;221.721;1148.06;94303.02;229.457;239121.2;56.9016;73697.78;70795.06;2901.5;1344.47;753.635;590.84
23;211.902;144.221;207.547;632.147;221.72;1150.42;94086.12;227.498;238558.5;56.9091;73336.49;70392.39;2944.47;1334.88;749.024;585.846
24;211.809;144.156;207.492;632.455;221.718;1152.78;93869.22;225.387;237994;56.9169;72973.12;69989.72;2984.75;1325.23;744.389;580.837
25;211.715;144.105;207.438;632.768;221.717;1155.14;93651.26;220.413;237400.4;56.9271;72607.68;69613.26;2995.49;1314.99;739.429;575.582
26;211.621;144.044;207.385;633.081;221.716;1157.5;93434.36;216.946;236823.1;56.936;72242.23;69223;3019.66;1305.08;734.632;570.449
27;211.526;143.949;207.327;633.382;221.712;1159.88;93217.46;220.714;236316.7;56.939;71889.24;68767.92;3121.7;1296.59;730.671;565.918
28;211.431;143.819;207.267;633.681;221.706;1162.24;93000.56;229.156;235855.6;56.9384;71544.56;68272.86;3272.07;1289;727.244;561.756
29;211.339;143.638;207.205;633.974;221.699;1164.62;92784.72;240.763;235425.4;56.935;71204.03;67750.22;3451.99;1282.06;724.178;557.857
30;211.248;143.489;207.141;634.263;221.689;1166.99;92568.88;257.796;235049.6;56.9275;70869.74;67179.31;3690.98;1276.17;721.75;554.42
31;211.156;143.422;207.073;634.544;221.677;1169.37;92353.05;280.558;234732;56.9152;70545.82;66556;3989.05;1271.44;719.996;551.445
32;211.064;143.402;207.001;634.82;221.664;1171.75;92138.27;308.596;234465.1;56.8986;70230.21;65888.56;4340.83;1267.77;718.834;548.917
33;210.971;143.422;206.924;635.092;221.648;1174.14;91923.5;340.703;234238.2;56.8789;69920.82;65183.88;4735.57;1264.88;718.172;546.729
34;210.879;143.437;206.855;635.363;221.633;1176.52;91708.73;372.358;234007.7;56.8595;69609.37;64484.73;5124.94;1261.9;717.429;544.478
35;210.786;143.438;206.794;635.637;221.619;1178.9;91493.95;402.356;233760.8;56.8415;69297.91;63797.98;5498.2;1258.64;716.511;542.12
36;210.694;143.439;206.728;635.91;221.603;1181.28;91279.18;432.503;233513.9;56.8231;68984.37;63112.61;5871.45;1255.34;715.605;539.747
37;210.601;143.438;206.67;636.184;221.589;1183.66;91064.4;462.35;233265.2;56.8051;68670.84;62427.25;6244.71;1252.02;714.664;537.358
38;210.508;143.437;206.644;636.46;221.575;1186.05;90848.57;492.347;233016.6;56.787;68359.38;61743.26;6615.28;1248.69;713.723;534.969
39;210.415;143.437;206.648;636.733;221.56;1188.43;90633.79;522.344;232769.7;56.769;68045.84;61057.89;6988.54;1245.37;712.794;532.58
40;210.321;143.437;206.689;637.007;221.545;1190.82;90419.02;552.341;232522.8;56.751;67732.31;60372.52;7359.12;1242.05;711.876;530.191
41;210.228;143.437;206.742;637.28;221.53;1193.2;90204.25;582.188;232274.1;56.733;67418.77;59687.16;7732.37;1238.72;710.947;527.786
42;210.135;143.437;206.78;637.554;221.515;1195.59;89989.47;612.185;232027.2;56.715;67107.31;59001.79;8105.63;1235.4;710.018;525.397
43;210.041;143.437;206.817;637.827;221.501;1197.97;89774.7;642.182;231780.4;56.6969;66793.78;58316.42;8476.2;1232.08;709.088;522.993
44;209.947;143.437;206.852;638.101;221.486;1200.35;89559.93;672.179;231531.7;56.6786;66480.24;57631.06;8849.46;1228.76;708.159;520.604
45;209.853;143.437;206.886;638.375;221.472;1202.73;89344.09;702.177;231284.8;56.6606;66166.71;56945.69;9222.72;1225.43;707.23;518.199
46;209.76;143.437;206.921;638.648;221.457;1205.11;89129.32;732.174;231037.9;56.6425;65855.25;56260.32;9595.98;1222.08;706.289;515.795
47;209.665;143.437;206.956;638.922;221.442;1207.49;88914.54;762.171;230789.2;56.6245;65541.71;55574.96;9966.55;1218.73;705.36;513.375
48;209.571;143.436;206.992;639.195;221.428;1209.87;88699.77;792.168;230542.4;56.6065;65228.18;54889.59;10339.81;1215.41;704.431;510.971
49;209.477;143.436;207.026;639.471;221.412;1212.26;88484.99;822.165;230295.5;56.5885;64916.72;54204.22;10713.07;1212.06;703.501;508.566
50;209.383;143.436;207.062;639.745;221.398;1214.64;88270.22;852.163;230046.8;56.5704;64603.19;53517.48;11083.64;1208.71;702.572;506.147
51;209.289;143.436;207.096;640.018;221.384;1217.02;88054.38;882.16;229799.9;56.5524;64289.65;52832.11;11456.9;1205.36;701.631;503.727
52;209.195;143.436;207.132;640.292;221.369;1219.4;87839.61;912.157;229551.2;56.5344;63976.11;52146.74;11830.16;1202.01;700.702;501.307
53;209.1;143.436;207.167;640.565;221.355;1221.79;87624.84;942.154;229304.4;56.516;63664.66;51461.38;12200.73;1198.66;699.761;498.887
54;209.006;143.436;207.201;640.839;221.34;1224.17;87410.06;972.151;229057.5;56.498;63351.12;50776.01;12573.99;1195.28;698.832;496.452
55;208.911;143.436;207.236;641.112;221.325;1226.55;87195.29;1002.15;228808.8;56.48;63037.59;50090.64;12947.24;1191.93;697.902;494.032
56;208.817;143.436;207.271;641.386;221.31;1228.93;86980.52;1031.99;228561.9;56.462;62724.05;49405.28;13317.82;1188.55;696.962;491.597
57;208.723;143.436;207.305;641.66;221.296;1231.31;86765.74;1061.99;228315.1;56.4439;62412.59;48719.91;13691.07;1185.18;696.021;489.162
58;208.628;143.436;207.34;641.933;221.282;1233.7;86549.91;1091.99;228066.4;56.4259;62099.06;48034.54;14064.33;1181.8;695.091;486.726
59;208.533;143.436;207.374;642.209;221.266;1236.08;86335.13;1121.99;227819.5;56.4076;61785.52;47349.18;14437.59;1178.45;694.15;484.291
60;208.438;143.436;207.408;642.482;221.252;1238.47;86120.36;1151.98;227572.6;56.3895;61471.99;46663.81;14808.16;1175.05;693.21;481.841
61;208.344;143.436;207.442;642.756;221.237;1240.85;85905.58;1181.98;227323.9;56.3715;61160.53;45978.44;15181.42;1171.67;692.28;479.405
62;208.249;143.436;207.477;643.029;221.222;1243.24;85690.81;1211.98;227077.1;56.3535;60846.99;45293.08;15554.68;1168.29;691.339;476.955
63;208.154;143.435;207.511;643.303;221.208;1245.62;85476.04;1241.97;226830.2;56.3355;60533.46;44607.71;15925.25;1164.91;690.399;474.504
64;208.059;143.435;207.542;643.577;221.193;1248;85261.26;1271.97;226581.5;56.3174;60222;43922.34;16298.51;1161.51;689.458;472.053
65;207.963;143.435;207.571;643.85;221.179;1250.38;85045.43;1301.97;226334.6;56.2994;59908.46;43236.98;16671.77;1158.11;688.517;469.603
66;207.868;143.435;207.596;644.124;221.164;1252.76;84830.65;1331.97;226087.7;56.2814;59594.93;42551.61;17042.34;1154.73;687.576;467.137
67;207.773;143.435;207.621;644.397;221.149;1255.14;84615.88;1361.96;225839.1;56.263;59281.39;41866.24;17415.6;1151.33;686.635;464.686
68;207.678;143.435;207.65;644.671;221.134;1257.52;84401.11;1391.96;225592.2;56.245;58969.93;41180.88;17788.86;1147.92;685.694;462.22
69;207.583;143.435;207.682;644.945;221.119;1259.91;84186.33;1421.96;225345.3;56.227;58656.4;40495.51;18159.43;1144.52;684.753;459.754
70;207.487;143.435;207.717;645.22;221.105;1262.29;83971.56;1451.95;225096.6;56.209;58342.86;39810.14;18532.69;1141.11;683.812;457.288
71;207.392;143.435;207.751;645.494;221.091;1264.67;83755.72;1481.95;224849.7;56.1909;58029.33;39124.77;18905.95;1137.68;682.871;454.822
72;207.296;143.435;207.784;645.767;221.076;1267.05;83540.95;1511.8;224602.9;56.1729;57717.87;38439.41;19279.2;1134.28;681.931;452.356
73;207.2;143.435;207.816;646.041;221.061;1269.43;83326.17;1541.8;224354.2;56.1546;57404.33;37754.04;19649.78;1130.85;680.978;449.874
74;207.105;143.434;207.847;646.314;221.047;1271.82;83111.4;1571.79;224107.3;56.1365;57090.8;37068.67;20023.03;1127.44;680.037;447.393
75;207.009;143.434;207.878;646.588;221.031;1274.2;82896.63;1601.79;223858.6;56.1185;56777.26;36383.31;20396.29;1124.01;679.096;444.911
76;206.913;143.434;207.909;646.862;221.017;1276.58;82681.85;1631.94;223611.7;56.1001;56465.81;35697.94;20769.55;1120.58;678.144;442.43
77;206.817;143.434;207.936;647.131;221;1278.96;82468.14;1662.09;223366.7;56.0808;56156.42;35013.95;21142.81;1117.15;677.203;439.964
78;206.721;143.434;207.966;647.405;220.986;1281.35;82253.37;1691.93;223118;56.0628;55842.89;34328.59;21516.07;1113.72;676.25;437.467
79;206.624;143.434;208;647.682;220.973;1283.74;82036.47;1721.78;222869.3;56.0464;55527.28;33641.84;21883.95;1110.29;675.309;434.97
80;206.528;143.435;208.04;647.977;220.965;1286.18;81815.32;1750.87;222611.5;56.0366;55190.9;32948.2;22241.1;1106.8;674.38;432.427
81;206.432;143.436;208.086;648.314;220.971;1288.73;81582.47;1777.85;222335.6;56.0434;54806.77;32238.01;22568.71;1103.26;673.486;429.776
82;206.333;143.436;208.129;648.581;220.954;1291.09;81369.82;1808.15;222090.6;56.023;54499.46;31554.02;22944.65;1099.83;672.533;427.294
83;206.224;143.432;208.164;648.72;220.896;1293.1;81194.39;1844.48;221907.2;55.9505;54341.66;30922.44;23417.27;1096.59;671.465;425.137
84;206.169;143.426;208.193;648.773;220.811;1294.89;81043.41;1884.58;221760.2;55.8448;54277.29;30323.95;23951.64;1093.51;670.326;423.179
85;206.168;143.417;208.217;648.74;220.698;1296.43;80919.01;1928.9;221656.7;55.7033;54312.59;29759.93;24553.15;1090.56;669.118;421.438
86;206.156;143.406;208.238;648.615;220.556;1297.72;80821.19;1977.28;221593.2;55.5262;54449.63;29230.4;25219.11;1087.75;667.817;419.927
87;206.142;143.392;208.257;648.407;220.389;1298.79;80747.83;2029.59;221567.8;55.3157;54680.11;28735.33;25946.83;1085.08;666.458;418.617
88;206.129;143.375;208.266;648.069;220.179;1299.5;80711.68;2087.93;221602.3;55.0535;55058.01;28289.91;26768.53;1082.62;664.983;417.646
89;206.115;143.355;208.275;647.661;219.947;1300.03;80695.73;2149.28;221669.4;54.7634;55514.82;27872.07;27641.26;1080.3;663.45;416.844
90;206.101;143.337;208.303;647.295;219.729;1300.66;80668.09;2208.82;221718.4;54.49;55923.87;27437.69;28487.13;1077.89;661.963;415.935
91;206.087;143.319;208.343;646.948;219.516;1301.35;80636.19;2267.61;221758.4;54.2238;56312.15;26996.4;29316.89;1075.46;660.476;414.979
92;206.073;143.301;208.39;646.604;219.305;1302.04;80602.16;2326.24;221796.5;53.9589;56698.36;26553.74;30143.96;1073.03;659.012;414.009
93;206.059;143.284;208.456;646.264;219.096;1302.75;80567.08;2384.58;221832.8;53.6953;57080.42;26109.7;30968.35;1070.57;657.537;413.038
94;206.045;143.266;208.548;645.92;218.884;1303.44;80533.05;2443.22;221870.9;53.4308;57464.55;25667.04;31795.43;1068.14;656.073;412.082
95;206.031;143.249;208.668;645.576;218.673;1304.14;80499.03;2501.71;221909;53.1659;57848.68;25224.38;32625.19;1065.71;654.598;411.126
96;206.017;143.231;208.816;645.23;218.461;1304.84;80466.07;2560.34;221947.2;52.901;58234.89;24781.72;33452.27;1063.3;653.135;410.155
97;206.002;143.214;208.964;644.886;218.249;1305.53;80432.05;2618.98;221985.3;52.6361;58619.02;24339.06;34279.34;1060.87;651.659;409.2
98;205.988;143.196;209.101;644.542;218.038;1306.23;80398.02;2677.47;222023.4;52.3712;59003.16;23896.39;35106.42;1058.44;650.196;408.244
99;205.974;143.178;209.238;644.198;217.826;1306.92;80364;2736.11;222061.5;52.1063;59389.37;23453.73;35936.18;1056.01;648.732;407.273
100;205.959;143.16;209.374;643.854;217.615;1307.62;80329.98;2794.59;222099.6;51.8414;59773.5;23011.07;36763.25;1053.58;647.269;406.318
101;205.945;143.143;209.51;643.51;217.403;1308.31;80295.95;2853.23;222137.8;51.5765;60159.71;22568.41;37590.33;1051.17;645.805;405.362
102;205.93;143.125;209.646;643.166;217.191;1309.01;80262.99;2911.87;222175.9;51.312;60543.84;22125.75;38417.4;1048.74;644.353;404.406
103;205.915;143.107;209.782;642.82;216.981;1309.7;80228.97;2970.36;222214;51.0471;60930.05;21683.09;39247.16;1046.34;642.889;403.435
104;205.901;143.09;209.918;642.476;216.77;1310.4;80194.95;3028.99;222252.1;50.7822;61314.18;21240.42;40074.24;1043.91;641.437;402.48
105;205.886;143.072;210.054;642.133;216.558;1311.09;80160.92;3087.48;222290.2;50.5173;61700.39;20799.14;40901.31;1041.5;639.974;401.524
106;205.871;143.055;210.19;641.789;216.347;1311.78;80126.9;3146.12;222328.4;50.2524;62084.52;20356.48;41728.39;1039.1;638.522;400.568
107;205.856;143.037;210.326;641.445;216.135;1312.47;80092.87;3204.76;222366.5;49.9875;62470.73;19913.82;42558.15;1036.67;637.07;399.613
108;205.841;143.019;210.462;641.101;215.924;1313.17;80059.91;3263.24;222404.6;49.7226;62854.86;19471.16;43385.22;1034.26;635.618;398.657
109;205.826;143.001;210.598;640.757;215.712;1313.86;80025.89;3321.88;222442.7;49.4577;63241.07;19028.5;44212.3;1031.86;634.166;397.686
110;205.812;142.984;210.733;640.413;215.5;1314.56;79991.87;3380.37;222480.8;49.1928;63625.2;18585.84;45039.38;1029.45;632.714;396.731
111;205.796;142.966;210.869;640.067;215.289;1315.25;79957.84;3439.01;222519;48.9279;64011.41;18143.17;45869.14;1027.05;631.262;395.775
112;205.781;142.949;211.006;639.723;215.077;1315.95;79923.82;3497.64;222557.1;48.663;64395.55;17700.51;46696.21;1024.64;629.822;394.82
113;205.766;142.931;211.142;639.379;214.866;1316.64;79890.86;3556.13;222595.2;48.3981;64781.76;17257.85;47523.29;1022.24;628.37;393.864
114;205.751;142.913;211.278;639.035;214.655;1317.34;79856.84;3614.77;222633.3;48.1332;65165.89;16815.19;48350.36;1019.83;626.929;392.908
115;205.736;142.896;211.414;638.691;214.444;1318.03;79822.81;3673.25;222671.4;47.8687;65552.1;16372.53;49180.12;1017.43;625.477;391.953
116;205.72;142.878;211.55;638.345;214.232;1318.73;79788.79;3731.89;222709.6;47.6038;65936.23;15929.87;50007.2;1015.05;624.037;390.997
117;205.705;142.86;211.686;638.001;214.021;1319.42;79754.77;3790.53;222747.7;47.3389;66322.44;15487.21;50834.27;1012.65;622.596;390.041
118;205.69;142.843;211.825;637.658;213.81;1320.12;79720.74;3849.02;222785.8;47.074;66706.57;15044.54;51661.35;1010.24;621.156;389.086
119;205.674;142.825;211.96;637.313;213.598;1320.82;79687.78;3907.5;222823.9;46.8091;67090.7;14601.88;52488.42;1007.87;619.727;388.146
120;205.659;142.808;212.092;636.97;213.386;1321.51;79653.76;3966.14;222862;46.5445;67476.91;14160.6;53315.5;1005.46;618.287;387.19
121;205.643;142.79;212.218;636.626;213.175;1322.21;79619.74;4024.78;222900.2;46.2796;67861.04;13717.94;54145.26;1003.08;616.847;386.235
122;205.628;142.772;212.34;636.282;212.963;1322.9;79585.71;4083.27;222938.3;46.0147;68247.25;13275.28;54972.33;1000.71;615.418;385.279
123;205.612;142.754;212.466;635.936;212.752;1323.6;79551.69;4141.9;222976.4;45.7498;68631.39;12832.62;55799.41;998.302;613.989;384.323
124;205.596;142.737;212.598;635.592;212.54;1324.29;79517.66;4200.39;223014.5;45.4849;69017.59;12389.95;56626.48;995.924;612.549;383.368
125;205.581;142.719;212.736;635.248;212.329;1324.99;79484.7;4259.03;223052.6;45.2201;69401.73;11947.29;57456.24;993.547;611.12;382.412
126;205.565;142.702;212.877;634.904;212.118;1325.68;79450.68;4317.67;223090.8;44.9552;69787.94;11504.63;58283.32;991.169;609.691;381.472
127;205.55;142.684;213.017;634.56;211.906;1326.38;79416.66;4376.15;223130.7;44.6902;70172.07;11061.97;59110.4;988.792;608.262;380.516
128;205.534;142.666;213.156;634.216;211.696;1327.07;79382.63;4434.79;223168.8;44.4254;70558.28;10619.31;59937.47;986.414;606.845;379.561
129;205.518;142.649;213.296;633.872;211.484;1327.76;79348.61;4493.28;223206.9;44.1605;70942.41;10176.65;60767.23;984.037;605.417;378.605
130;205.502;142.631;213.435;633.526;211.272;1328.46;79315.65;4551.92;223245.1;43.8956;71328.62;9733.99;61594.31;981.659;603.988;377.665
131;205.487;142.613;213.574;633.182;211.06;1329.16;79281.63;4610.55;223283.2;43.6307;71712.75;9291.32;62421.38;979.282;602.571;376.709
132;205.47;142.595;213.712;632.837;210.849;1329.85;79247.6;4669.04;223321.3;43.3665;72101.04;8850.04;63251.14;976.904;601.154;375.754
133;205.455;142.578;213.85;632.491;210.637;1330.53;79214.64;4727.53;223359.4;43.1026;72487.25;8408.76;64078.22;974.554;599.725;374.814
134;205.439;142.561;213.989;632.149;210.426;1331.24;79180.62;4786.16;223397.5;42.8367;72871.38;7964.72;64905.29;972.177;598.308;373.858
135;205.423;142.543;214.129;631.807;210.214;1331.94;79145.53;4844.8;223435.7;42.5711;73253.43;7520.68;65732.37;969.799;596.89;372.902
136;205.406;142.525;214.274;631.494;210.009;1332.78;79104.07;4904.04;223468.3;42.2957;73604.34;7057.33;66546.02;967.367;595.462;371.901
137;205.39;142.506;214.422;631.193;209.805;1333.66;79059.41;4963.59;223497.4;42.0158;73942.8;6587.09;67356.98;964.936;594.033;370.883
138;205.369;142.489;214.552;630.808;209.587;1334.18;79036.02;5021.32;223542.8;41.7648;74372.61;6170.63;68200.17;962.64;592.639;370.005
139;205.353;142.473;214.662;630.327;209.352;1334.28;79036.02;5077.09;223606.3;41.5459;74902.09;5814.85;69086.32;960.532;591.268;369.265
140;205.38;142.459;214.757;629.77;209.103;1334.04;79056.22;5131.21;223680.7;41.3534;75512.55;5508.71;70004.69;958.587;589.933;368.664
141;205.423;142.446;214.832;629.122;208.838;1333.39;79100.88;5183.36;223773.3;41.1919;76222.67;5260.48;70960.66;956.804;588.62;368.202
142;205.461;142.433;214.889;628.389;208.56;1332.39;79165.73;5233.86;223880.4;41.0586;77020.01;5067.42;71954.23;955.21;587.331;367.862
143;205.498;142.422;214.929;627.576;208.266;1331.02;79251.86;5282.7;224000.2;40.9532;77906.63;4925.39;72980.02;953.751;586.076;367.662
144;205.535;142.412;214.948;626.659;207.955;1329.21;79363.5;5329.43;224140;40.8821;78899.14;4849.54;74051.46;952.481;584.856;367.631
145;205.572;142.402;214.963;625.721;207.641;1327.3;79480.45;5375.56;224283.4;40.8182;79914.5;4786.11;75128.26;951.265;583.637;367.616
146;205.609;142.392;214.985;624.824;207.333;1325.57;79587.84;5422.74;224417.7;40.7413;80890.4;4697.85;76191.65;949.942;582.417;367.539
147;205.646;142.382;215.007;623.927;207.026;1323.85;79694.16;5469.77;224553.9;40.6631;81860.08;4608.21;77252.34;948.645;581.186;367.462
148;205.684;142.372;215.027;623.036;206.719;1322.15;79800.49;5516.95;224688.2;40.5835;82827.68;4514.44;78313.04;947.348;579.954;367.369
149;205.721;142.362;215.052;622.147;206.412;1320.45;79905.75;5564.28;224822.5;40.5036;83793.2;4422.05;79371.05;946.024;578.735;367.292
150;205.758;142.352;215.084;621.256;206.106;1318.74;80011.01;5611.31;224956.8;40.4244;84760.8;4329.65;80429.07;944.7;577.515;367.2
151;205.795;142.343;215.123;620.363;205.799;1317.03;80116.27;5658.49;225091.2;40.3451;85726.32;4237.26;81489.76;943.404;576.284;367.107
152;205.832;142.333;215.166;619.472;205.492;1315.32;80222.59;5705.68;225227.3;40.2663;86693.92;4146.25;82550.46;942.08;575.064;367.015
153;205.869;142.323;215.204;618.581;205.186;1313.62;80327.85;5752.86;225361.6;40.187;87661.52;4053.85;83608.47;940.783;573.845;366.938
154;205.907;142.313;215.236;617.688;204.88;1311.91;80434.17;5800.04;225496;40.1078;88629.12;3961.46;84669.17;939.459;572.625;366.845
155;205.944;142.302;215.264;616.797;204.572;1310.21;80539.43;5847.22;225630.3;40.0286;89596.71;3869.07;85727.18;938.162;571.405;366.753
156;205.981;142.292;215.291;615.904;204.266;1308.5;80645.76;5894.4;225766.4;39.9497;90566.39;3778.05;86787.88;936.839;570.186;366.66
157;206.018;142.282;215.319;615.01;203.959;1306.8;80751.02;5941.58;225900.8;39.8704;91533.99;3685.66;87848.57;935.542;568.977;366.552
158;206.055;142.272;215.347;614.119;203.652;1305.09;80857.34;5988.77;226035.1;39.7912;92501.59;3593.26;88906.59;934.218;567.758;366.46
159;206.093;142.262;215.376;613.226;203.345;1303.38;80962.6;6035.95;226169.4;39.712;93469.18;3500.87;89967.28;932.921;566.55;366.367
160;206.13;142.252;215.405;612.335;203.039;1301.67;81067.86;6083.13;226303.8;39.6328;94436.78;3409.86;91027.98;931.597;565.33;366.26
161;206.167;142.242;215.433;611.442;202.731;1299.96;81174.19;6130.31;226439.9;39.5539;95404.38;3317.46;92085.99;930.274;564.122;366.167
162;206.204;142.232;215.462;610.551;202.425;1298.25;81279.45;6177.49;226574.2;39.4746;96371.98;3225.07;93146.69;928.977;562.914;366.059
163;206.241;142.222;215.49;609.658;202.118;1296.54;81385.77;6224.67;226708.6;39.3954;97339.58;3134.05;94207.39;927.653;561.694;365.967
164;206.279;142.212;215.518;608.767;201.812;1294.84;81491.03;6271.85;226842.9;39.3162;98307.18;3041.66;95265.4;926.356;560.486;365.859
165;206.316;142.202;215.546;607.876;201.505;1293.13;81597.35;6319.03;226979;39.2369;99274.78;2949.27;96326.1;925.032;559.278;365.751
166;206.353;142.191;215.574;606.983;201.198;1291.42;81702.61;6366.22;227113.4;39.1577;100242.4;2856.87;97386.79;923.735;558.07;365.658
167;206.39;142.181;215.601;606.09;200.892;1289.71;81808.94;6413.4;227247.7;39.0788;101210;2765.86;98444.8;922.412;556.874;365.551
168;206.427;142.171;215.629;605.198;200.585;1288.01;81914.2;6460.58;227382;38.9996;102177.6;2673.47;99505.5;921.115;555.666;365.443
169;206.464;142.161;215.657;604.305;200.278;1286.3;82020.52;6507.76;227516.3;38.9204;103147.2;2581.07;100563.5;919.791;554.457;365.335
170;206.501;142.151;215.684;603.414;199.971;1284.59;82125.78;6554.94;227652.5;38.8411;104114.8;2490.06;101624.2;918.467;553.261;365.227
171;206.539;142.141;215.712;602.521;199.664;1282.89;82232.11;6602.12;227786.8;38.7622;105082.4;2397.66;102684.9;917.17;552.053;365.104
172;206.576;142.131;215.739;601.63;199.357;1281.18;82337.37;6649.31;227921.1;38.683;106050;2305.27;103742.9;915.846;550.857;364.996
173;206.613;142.121;215.767;600.737;199.051;1279.47;82442.63;6696.49;228055.5;38.6038;107017.6;2212.88;104803.6;914.55;549.66;364.888
174;206.65;142.111;215.795;599.846;198.744;1277.76;82548.95;6743.67;228191.6;38.5245;107985.2;2121.86;105864.3;913.226;548.464;364.764
175;206.687;142.101;215.819;598.953;198.437;1276.05;82654.21;6790.85;228325.9;38.4453;108952.8;2029.47;106922.3;911.902;547.267;364.657
176;206.724;142.091;215.844;598.062;198.131;1274.34;82760.53;6838.03;228460.3;38.3661;109920.4;1937.08;107983;910.605;546.071;364.533
177;206.761;142.081;215.836;597.169;197.824;1272.64;82865.79;6885.21;228594.6;38.2869;110888;1846.06;109043.7;909.281;544.874;364.425
178;206.798;142.071;215.835;596.278;197.516;1270.94;82972.12;6932.39;228730.7;38.208;111855.6;1753.67;110101.7;907.985;543.678;364.302
179;206.835;142.06;215.916;595.385;197.21;1269.23;83077.38;6979.58;228865.1;38.1287;112823.2;1661.27;111162.4;906.661;542.481;364.179
180;206.872;142.05;216.063;594.491;196.903;1267.52;83183.7;7026.76;228999.4;38.0495;113790.8;1568.88;112223.1;905.337;541.297;364.055
181;206.909;142.04;216.278;593.6;196.596;1265.81;83288.96;7073.94;229133.7;37.9703;114758.4;1477.87;113281.1;904.04;540.1;363.932
182;206.946;142.03;216.514;592.707;196.29;1264.1;83395.29;7121.12;229268.1;37.8914;115726;1385.47;114341.8;902.716;538.915;363.809
183;206.984;142.021;216.723;591.816;195.984;1262.39;83500.55;7168.3;229404.2;37.8122;116693.6;1293.08;115402.5;901.42;537.719;363.685
184;207.021;142.011;216.92;590.923;195.676;1260.68;83605.81;7215.33;229538.5;37.7329;117661.2;1202.07;116460.5;900.096;536.534;363.562
185;207.058;142.001;217.101;590.032;195.37;1258.97;83712.13;7262.51;229672.9;37.6537;118628.8;1109.67;117521.2;898.772;535.349;363.439
186;207.095;141.991;217.31;589.141;195.064;1257.27;83817.39;7309.7;229807.2;37.5745;119596.4;1017.28;118579.3;897.475;534.164;363.3
187;207.132;141.981;217.567;588.25;194.757;1255.56;83923.71;7356.88;229941.5;37.4956;120564;924.884;119640;896.151;532.98;363.177
188;207.169;141.97;217.862;587.357;194.451;1253.86;84028.97;7403.31;230077.7;37.4173;121531.6;833.87;120698;894.855;531.807;363.054
189;207.206;141.96;218.192;586.466;194.144;1252.15;84134.23;7450.19;230212;37.3385;122499.2;742.855;121756;893.558;530.633;362.93
190;207.243;141.95;218.528;585.573;193.836;1250.44;84240.56;7498.27;230346.3;37.2582;123466.8;649.083;122819.4;892.234;529.437;362.792
191;207.28;141.94;218.862;584.678;193.527;1248.75;84347.94;7546.96;230480.6;37.1769;124438.6;556.689;123880.1;890.856;528.229;362.637
192;207.317;141.93;219.248;583.773;193.202;1247.11;84461.71;7605.75;230616.8;37.0821;125422.8;456.022;124964.9;889.208;526.858;362.345
193;207.354;141.92;219.613;582.872;192.886;1245.43;84572.29;7659.41;230752.9;36.9943;126398.7;359.491;126039;887.695;525.569;362.129
194;207.387;141.91;219.861;582.006;192.611;1243.61;84662.66;7686.39;230885.4;36.9423;127337.2;282.267;127056.8;886.993;524.732;362.252
195;207.43;141.899;220.025;581.162;192.367;1241.67;84739.22;7694.08;231018;36.9158;128248.7;217.453;128031.5;886.857;524.221;362.622
196;207.499;141.888;220.111;580.341;192.15;1239.63;84803.01;7684.13;231146.8;36.9134;129133.3;166.43;128968.7;887.236;524.012;363.239
197;207.569;141.876;220.116;579.546;191.964;1237.48;84851.92;7655.34;231275.7;36.9359;129992.9;127.818;129862.9;888.208;524.117;364.086
198;207.637;141.864;220.048;578.77;191.804;1235.23;84888.07;7609.82;231404.6;36.9807;130827.6;101.617;130724.9;889.64;524.5;365.15
199;207.705;141.852;219.878;578.024;191.682;1232.84;84907.21;7540.78;231529.9;37.0573;131627;91.9637;131535.9;891.775;525.267;366.522
200;207.773;141.84;219.613;577.306;191.594;1230.33;84910.4;7449.73;231653.3;37.163;132395.3;98.8588;132298.5;894.557;526.405;368.155
201;207.84;141.828;219.36;576.585;191.503;1227.83;84915.71;7361.55;231778.6;37.265;133167.7;101.617;133066.5;897.259;527.497;369.758
202;207.908;141.816;219.142;575.852;191.399;1225.38;84926.34;7281.21;231903.8;37.3568;133952.6;100.238;133853.3;899.717;528.449;371.253
203;207.976;141.804;218.923;575.122;191.294;1222.92;84936.98;7200.86;232027.2;37.4483;134737.5;98.8588;134637.4;902.149;529.402;372.748
204;208.043;141.792;218.709;574.389;191.188;1220.48;84948.67;7121.72;232152.5;37.5384;135522.3;96.1008;135426.9;904.553;530.331;374.212
205;208.111;141.779;218.494;573.656;191.082;1218.03;84960.37;7042.28;232277.7;37.6285;136307.2;94.7217;136213.7;906.931;531.261;375.677
206;208.178;141.767;218.277;572.923;190.976;1215.58;84971;6962.39;232403;37.7193;137092.1;91.9637;137000.5;909.336;532.19;377.156
207;208.246;141.755;218.061;572.19;190.871;1213.13;84982.7;6882.65;232528.3;37.8101;137877;90.5847;137787.3;911.713;533.119;378.605
208;208.313;141.742;217.844;571.457;190.765;1210.68;84993.33;6802.91;232653.5;37.9009;138661.9;87.8267;138574.1;914.09;534.037;380.069
209;208.38;141.73;217.627;570.727;190.661;1208.24;85005.02;6723.02;232778.8;37.992;139446.7;86.4477;139360.9;916.468;534.954;381.518
210;208.447;141.718;217.411;569.994;190.555;1205.78;85015.66;6643.28;232902.2;38.0828;140231.6;83.6897;140147.7;918.818;535.872;382.952
211;208.515;141.706;217.194;569.261;190.45;1203.34;85027.35;6563.53;233027.4;38.1736;141016.5;82.3107;140934.5;921.169;536.778;384.385
212;208.582;141.693;216.977;568.53;190.345;1200.89;85037.98;6483.64;233152.7;38.2644;141801.4;79.5527;141721.2;923.519;537.696;385.818
213;208.649;141.681;216.761;567.797;190.24;1198.43;85049.68;6403.9;233278;38.3552;142586.2;78.1736;142508;925.843;538.59;387.252
214;208.716;141.669;216.545;567.064;190.134;1195.99;85060.31;6324.01;233403.2;38.446;143371.1;75.4156;143294.8;928.166;539.496;388.67
215;208.783;141.657;216.328;566.332;190.029;1193.54;85072.01;6244.27;233528.5;38.5368;144156;74.0366;144081.6;930.49;540.391;390.088
216;208.85;141.645;216.11;565.599;189.924;1191.09;85082.64;6164.53;233651.9;38.6276;144940.9;71.2786;144868.4;932.786;541.285;391.49
217;208.917;141.633;215.891;564.868;189.818;1188.64;85094.34;6084.79;233777.1;38.7184;145725.7;69.8996;145655.2;935.082;542.179;392.893
218;208.983;141.62;215.66;564.135;189.713;1186.19;85106.03;6004.89;233902.4;38.8092;146510.6;68.5206;146442;937.352;543.062;394.296
219;209.05;141.608;215.436;563.402;189.607;1183.74;85116.66;5925.15;234027.6;38.8999;147295.5;65.7626;147228.8;939.621;543.945;395.683
220;209.117;141.595;215.244;562.672;189.503;1181.29;85128.36;5845.41;234152.9;38.9907;148080.4;64.3836;148015.6;941.891;544.828;397.07
221;209.184;141.583;215.072;561.939;189.397;1178.85;85138.99;5765.67;234278.2;39.0815;148865.2;61.6255;148802.4;944.16;545.699;398.442
222;209.25;141.571;214.914;561.206;189.292;1176.39;85150.69;5685.78;234401.6;39.1723;149650.1;60.2465;149589.2;946.403;546.57;399.829
223;209.317;141.559;214.781;560.473;189.187;1173.94;85161.32;5606.04;234526.8;39.2631;150435;57.4885;150376;948.645;547.442;401.185
224;209.384;141.547;214.679;559.74;189.082;1171.5;85173.02;5526.3;234652.1;39.3539;151219.9;56.1095;151162.8;950.86;548.301;402.557
225;209.45;141.535;214.606;559.009;188.976;1169.04;85183.65;5446.4;234777.3;39.4447;152004.7;53.3515;151949.6;953.076;549.172;403.913
226;209.517;141.523;214.558;558.277;188.871;1166.59;85195.34;5366.66;234902.6;39.5355;152789.6;51.9725;152736.4;955.291;550.02;405.269
227;209.583;141.511;214.507;557.546;188.766;1164.15;85205.98;5286.92;235027.9;39.6266;153574.5;49.2145;153523.2;957.479;550.88;406.61
228;209.649;141.498;214.447;556.813;188.66;1161.7;85217.67;5207.03;235151.3;39.7174;154359.4;47.8355;154310;959.668;551.728;407.951
229;209.715;141.486;214.386;556.08;188.555;1159.24;85228.3;5127.29;235276.5;39.8082;155144.3;45.0775;155096.8;961.856;552.576;409.277
230;209.782;141.474;214.325;555.347;188.449;1156.8;85240;5047.55;235401.8;39.899;155929.1;43.6985;155883.6;964.044;553.424;410.618
231;209.848;141.461;214.263;554.614;188.345;1154.35;85250.63;4967.65;235527;39.9898;156714;40.9404;156670.4;966.206;554.26;411.943
232;209.914;141.449;214.202;553.884;188.239;1151.9;85262.33;4887.91;235652.3;40.0806;157498.9;39.5614;157457.2;968.34;555.096;413.253
233;209.98;141.437;214.141;553.151;188.134;1149.45;85272.96;4808.17;235777.6;40.1714;158281.7;36.8034;158244;970.501;555.921;414.563
234;210.046;141.425;214.08;552.418;188.029;1147;85284.66;4728.28;235902.8;40.2622;159066.6;35.4244;159033.4;972.636;556.758;415.873
235;210.112;141.412;214.019;551.685;187.923;1144.55;85295.29;4648.54;236026.2;40.353;159851.4;34.0454;159820.2;974.743;557.582;417.168
236;210.178;141.4;213.957;550.954;187.818;1142.1;85306.98;4568.65;236151.5;40.4438;160636.3;31.2874;160607;976.877;558.407;418.463
237;210.243;141.388;213.896;550.221;187.713;1139.65;85317.62;4488.91;236276.7;40.5346;161421.2;29.9084;161393.8;978.985;559.22;419.757
238;210.309;141.375;213.834;549.489;187.608;1137.2;85329.31;4409.17;236402;40.6253;162206.1;27.1504;162180.6;981.065;560.033;421.037
239;210.375;141.363;213.773;548.758;187.502;1134.75;85339.94;4329.27;236527.3;40.7161;162990.9;25.7714;162967.4;983.172;560.846;422.316
240;210.441;141.351;213.712;548.025;187.397;1132.3;85351.64;4249.53;236652.5;40.8069;163775.8;23.0133;163754.2;985.253;561.648;423.595
241;210.506;141.339;213.65;547.292;187.291;1129.85;85363.33;4169.79;236775.9;40.8981;164560.7;21.6343;164541;987.306;562.449;424.859
242;210.572;141.327;213.589;546.559;187.186;1127.41;85373.97;4089.9;236901.2;40.9889;165345.6;18.8763;165327.8;989.386;563.251;426.123
243;210.637;141.315;213.527;545.828;187.081;1124.96;85385.66;4010.16;237026.4;41.0797;166130.4;17.4973;166111.9;991.439;564.052;427.387
244;210.703;141.303;213.465;545.099;186.977;1122.51;85399.48;3930.57;237153.5;41.1708;166911.2;14.7393;166896;993.493;564.854;428.651
245;210.768;141.291;213.403;544.367;186.872;1120.06;85410.12;3850.67;237276.9;41.2616;167696;13.3603;167682.8;995.546;565.644;429.899
246;210.833;141.278;213.342;543.63;186.765;1117.61;85418.62;3770.78;237402.2;41.352;168485.1;10.6023;168475;997.518;566.41;431.101
247;210.898;141.265;213.284;542.872;186.651;1115.13;85414.37;3690.14;237520.2;41.4408;169296.9;9.22326;169288.6;999.328;567.13;432.196
248;210.964;141.249;213.232;542.065;186.52;1112.6;85381.41;3607.68;237623.7;41.5265;170162.8;6.46525;170156;1000.71;567.723;432.997
249;211.028;141.237;213.17;541.34;186.418;1110.16;85397.36;3528.09;237750.7;41.6176;170939.4;5.08624;170934.7;1002.79;568.513;434.261
250;211.087;141.232;213.087;540.771;186.369;1107.88;85504.75;3454.08;237921.4;41.7203;171551.9;3.70723;171547;1006.08;569.698;436.403
251;211.17;141.229;212.997;540.273;186.343;1105.68;85654.66;3382.48;238110.2;41.8281;172087.6;2.32823;172086.7;1009.97;571.057;438.931
252;211.275;141.23;212.895;539.856;186.347;1103.57;85853.49;3313.74;238322.5;41.9417;172538.2;0.949218;172537.9;1014.54;572.625;441.906
253;211.376;141.236;212.776;539.567;186.393;1101.58;86127.8;3249.53;238569.4;42.0644;172853.8;-0.42979;172854.7;1020.13;574.507;445.62
254;211.476;141.246;212.642;539.391;186.479;1099.72;86468.04;3189.23;238849;42.1953;173053.1;-0.42979;173053.4;1026.62;576.679;449.936
255;211.576;141.261;212.484;539.329;186.602;1097.97;86877.38;3132.85;239159.4;42.3344;173130;-0.42979;173128.6;1034.05;579.141;454.914
256;211.675;141.279;212.321;539.323;186.746;1096.29;87318.63;3078.59;239484.3;42.4776;173146.6;-0.42979;173144.7;1041.96;581.755;460.201
257;211.775;141.295;212.19;539.282;186.878;1094.57;87740.73;3022.96;239800.1;42.6184;173198.5;-0.42979;173198.4;1049.55;584.276;465.287
258;211.874;141.31;212.081;539.227;187.004;1092.83;88153.27;2966.89;240112.4;42.7581;173269.1;-0.42979;173268.3;1057.04;586.75;470.281
259;211.974;141.326;211.984;539.168;187.13;1091.09;88564.74;2910.66;240424.6;42.8975;173339.7;-0.42979;173340.8;1064.49;589.224;475.275
260;212.073;141.341;211.906;539.108;187.255;1089.34;88974.08;2854.44;240735;43.0369;173414.4;-0.42979;173416;1071.95;591.698;480.238
261;212.173;141.356;211.847;539.049;187.381;1087.6;89384.49;2798.21;241045.4;43.1764;173489.2;-0.42979;173488.5;1079.38;594.172;485.216
262;212.272;141.372;211.818;538.991;187.507;1085.87;89795.96;2741.99;241357.6;43.3158;173559.8;-0.42979;173561;1086.84;596.646;490.194
263;212.37;141.387;211.821;538.932;187.632;1084.13;90206.37;2685.91;241668;43.4552;173632.4;-0.42979;173633.5;1094.29;599.121;495.157
264;212.47;141.402;211.822;538.875;187.757;1082.39;90617.85;2629.68;241980.3;43.5946;173705.1;-0.42979;173706;1101.72;601.606;500.12
265;212.569;141.418;211.812;538.817;187.883;1080.65;91028.25;2573.46;242290.7;43.7341;173777.8;-0.42979;173778.5;1109.18;604.081;505.099
266;212.667;141.434;211.801;538.758;188.009;1078.91;91439.73;2517.23;242602.9;43.8735;173850.5;-0.42979;173848.3;1116.61;606.555;510.061
267;212.766;141.449;211.788;538.699;188.135;1077.17;91851.2;2461.16;242913.3;44.0132;173921.1;-0.42979;173920.8;1124.04;609.041;515.009
268;212.865;141.465;211.777;538.641;188.261;1075.43;92261.61;2404.93;243225.5;44.1526;173993.7;-0.42979;173993.3;1131.49;611.515;519.972
269;212.963;141.48;211.765;538.584;188.386;1073.69;92673.08;2348.7;243535.9;44.2921;174066.4;-0.42979;174065.8;1138.92;614.001;524.919
270;213.062;141.496;211.753;538.526;188.512;1071.95;93083.49;2292.48;243848.2;44.4315;174139.1;-0.42979;174138.3;1146.35;616.475;529.882
271;213.16;141.511;211.742;538.467;188.638;1070.2;93494.96;2236.4;244158.6;44.5709;174209.7;-0.42979;174210.8;1153.78;618.961;534.83
272;213.259;141.526;211.73;538.408;188.763;1068.46;93905.37;2180.18;244470.8;44.7103;174282.4;-0.42979;174283.3;1161.21;621.435;539.777
273;213.357;141.542;211.719;538.35;188.889;1066.73;94316.84;2123.95;244783;44.8497;174355;-0.42979;174355.8;1168.64;623.921;544.71
274;213.455;141.557;211.707;538.291;189.015;1064.98;94728.32;2067.73;245093.4;44.9892;174427.7;-0.42979;174428.3;1176.05;626.395;549.657
275;213.554;141.572;211.696;538.232;189.141;1063.24;95138.72;2011.65;245405.6;45.1289;174500.4;-0.42979;174500.8;1183.47;628.881;554.589
276;213.652;141.588;211.685;538.176;189.267;1061.5;95550.2;1955.43;245716.1;45.2683;174571;-0.42979;174570.6;1190.9;631.366;559.521
277;213.75;141.603;211.673;538.117;189.392;1059.77;95960.61;1899.2;246028.3;45.4078;174643.6;-0.42979;174643.1;1198.31;633.852;564.453
278;213.848;141.619;211.661;538.058;189.517;1058.03;96372.08;1842.97;246338.7;45.5472;174716.3;-0.42979;174715.6;1205.71;636.326;569.385
279;213.945;141.634;211.65;538;189.643;1056.29;96782.49;1786.9;246650.9;45.6866;174789;-0.42979;174788.1;1213.11;638.812;574.318
280;214.043;141.649;211.638;537.941;189.769;1054.55;97193.96;1730.67;246961.3;45.826;174861.7;-0.42979;174860.6;1220.54;641.298;579.234
281;214.141;141.665;211.626;537.885;189.895;1052.81;97604.37;1674.45;247273.5;45.9658;174932.3;-0.42979;174933.2;1227.94;643.784;584.151
282;214.238;141.68;211.615;537.826;190.021;1051.07;98015.84;1618.22;247583.9;46.1052;175004.9;-0.42979;175005.7;1235.35;646.27;589.068
283;214.336;141.695;211.604;537.767;190.146;1049.33;98427.31;1562.15;247896.2;46.2446;175077.6;-0.42979;175078.2;1242.72;648.755;593.985
284;214.433;141.711;211.592;537.709;190.272;1047.59;98837.72;1505.92;248206.6;46.384;175150.3;-0.42979;175150.7;1250.13;651.241;598.901
285;214.53;141.726;211.581;537.652;190.399;1045.85;99249.19;1449.69;248518.8;46.5234;175223;-0.42979;175223.2;1257.53;653.727;603.802
286;214.627;141.741;211.57;537.593;190.524;1044.1;99659.6;1393.62;248829.2;46.6629;175293.6;-0.42979;175293;1264.9;656.213;608.704
287;214.725;141.757;211.558;537.535;190.65;1042.37;100070;1337.39;249139.6;46.8023;175366.2;-0.42979;175365.5;1272.31;658.699;613.605
288;214.821;141.772;211.546;537.476;190.775;1040.63;100481.5;1281.17;249451.8;46.9417;175438.9;-0.42979;175438;1279.68;661.184;618.506
289;214.918;141.787;211.534;537.418;190.9;1038.89;100893;1225.09;249762.2;47.0811;175511.6;-0.42979;175510.5;1287.08;663.67;623.408
290;215.015;141.803;211.522;537.359;191.027;1037.14;101303.4;1168.87;250074.5;47.2205;175582.2;-0.42979;175583;1294.46;666.156;628.293
291;215.112;141.818;211.513;537.3;191.152;1035.4;101714.8;1112.64;250384.9;47.3599;175654.8;-0.42979;175655.5;1301.84;668.654;633.195
292;215.208;141.834;211.505;537.244;191.278;1033.67;102125.2;1056.42;250697.1;47.4994;175727.5;-0.42979;175728;1309.21;671.139;638.081
293;215.304;141.849;211.499;537.185;191.404;1031.93;102536.7;1000.34;251009.3;47.6391;175800.2;-0.42979;175800.5;1316.59;673.625;642.967
294;215.4;141.864;211.496;537.126;191.529;1030.19;102947.1;944.114;251319.7;47.7786;175872.9;-0.42979;175873;1323.96;676.122;647.852
295;215.496;141.88;211.497;537.068;191.655;1028.45;103358.6;887.888;251632;47.918;175943.5;-0.42979;175945.5;1331.34;678.608;652.723
296;215.592;141.895;211.502;537.009;191.781;1026.71;103770.1;831.813;251942.4;48.0574;176016.1;-0.42979;176015.3;1338.71;681.106;657.609
297;215.688;141.91;211.509;536.952;191.906;1024.97;104180.5;775.587;252254.6;48.1968;176088.8;-0.42979;176087.8;1346.06;683.592;662.479
298;215.783;141.926;211.514;536.894;192.032;1023.23;104592;719.361;252565;48.3362;176161.5;-0.42979;176160.3;1353.44;686.089;667.35
299;215.878;141.941;211.519;536.837;192.158;1021.49;105001.3;663.437;252877.2;48.476;176230;-0.42979;176230.2;1360.79;688.575;672.205
300;215.973;141.957;211.525;536.784;192.285;1019.76;105409.6;607.512;253187.6;48.6154;176298.5;-0.42979;176300;1368.11;691.049;677.044
301;216.068;141.972;211.529;536.722;192.411;1018.01;105823.2;550.985;253499.9;48.7548;176375.4;-0.42979;176375.2;1375.48;693.558;681.93
302;216.162;141.987;211.534;536.659;192.535;1016.26;106236.8;494.608;253810.3;48.8942;176450.1;-0.42979;176450.4;1382.86;696.055;686.816
303;216.256;142.001;211.537;536.548;192.646;1014.44;106683.3;434.162;254117;49.0313;176578.8;-0.42979;176579.2;1390.67;698.704;691.949
304;216.349;142.016;211.539;536.419;192.751;1012.58;107142.7;372.208;254422;49.168;176726.3;-0.42979;176726.9;1398.58;701.41;697.189
305;216.445;142.032;211.547;536.429;192.896;1010.95;107507.3;321.559;254739.7;49.3101;176726.3;-0.42979;176726.9;1405.36;703.71;701.674
306;216.538;142.051;211.56;536.583;193.081;1009.55;107774.2;282.367;255070;49.4587;176574.7;0.949218;176573.9;1410.96;705.581;705.389
307;216.607;142.072;211.576;536.816;193.287;1008.28;107986.9;249.204;255409.5;49.6104;176340.1;3.70723;176337.6;1415.93;707.23;708.687
308;216.664;142.094;211.596;537.144;193.52;1007.16;108136.8;223.88;255756.2;49.7658;176005.8;6.46525;176001.9;1420.09;708.601;711.477
309;216.726;142.118;211.619;537.578;193.782;1006.21;108212.3;206.846;256113.8;49.9259;175559.3;9.22326;175550.8;1423.38;709.669;713.712
310;216.787;142.144;211.647;538.127;194.075;1005.44;108212.3;199.008;256482.3;50.0909;174994.6;13.3603;174981.5;1425.73;710.401;715.345
311;216.848;142.173;211.681;538.827;194.411;1004.92;108109.1;203.078;256865.3;50.2619;174267.8;18.8763;174248.4;1426.84;710.692;716.162
312;216.909;142.202;211.716;539.555;194.755;1004.44;107985.8;209.56;257250.2;50.4343;173512;24.3924;173488.5;1427.73;710.889;716.825
313;216.97;142.23;211.749;540.228;195.083;1003.87;107900.7;211.519;257629.5;50.6043;172816.4;29.9084;172787.6;1429.08;711.261;717.811
314;217.03;142.257;211.781;540.896;195.409;1003.3;107818.9;213.177;258008.9;50.7743;172125;35.4244;172089.4;1430.43;711.644;718.798
315;217.091;142.285;211.813;541.557;195.734;1002.71;107742.3;214.232;258388.3;50.9437;171439.8;40.9404;171399.3;1431.89;712.051;719.83
316;217.151;142.313;211.846;542.215;196.058;1002.12;107666.8;215.137;258765.9;51.1134;170756.6;46.4565;170711.8;1433.33;712.457;720.879
317;217.212;142.34;211.878;542.878;196.384;1001.54;107588.2;216.343;259145.3;51.2831;170071.4;50.5935;170019;1434.76;712.852;721.911
318;217.272;142.368;211.91;543.54;196.709;1000.96;107509.5;217.549;259524.7;51.4524;169384.1;56.1095;169328.9;1436.19;713.247;722.944
319;217.332;142.396;211.943;544.202;197.034;1000.37;107431.9;218.755;259902.2;51.6221;168698.9;61.6255;168636.1;1437.62;713.642;723.961
320;217.392;142.424;211.975;544.865;197.36;999.789;107353.2;219.961;260281.6;51.7918;168011.7;67.1416;167946;1439.03;714.037;724.994
321;217.452;142.451;212.007;545.529;197.685;999.208;107274.5;221.167;260661;51.9611;167324.4;71.2786;167253.2;1440.46;714.432;726.026
322;217.511;142.479;212.04;546.192;198.009;998.622;107195.8;222.373;261040.4;52.1308;166637.1;76.7946;166560.4;1441.89;714.827;727.059
323;217.571;142.507;212.072;546.854;198.335;998.042;107118.2;223.578;261418;52.3005;165951.9;82.3107;165870.2;1443.32;715.222;728.092
324;217.631;142.535;212.105;547.517;198.66;997.456;107039.5;224.935;261797.4;52.4702;165264.6;87.8267;165177.4;1444.75;715.617;729.124
325;217.69;142.562;212.137;548.179;198.985;996.875;106960.8;226.141;262176.8;52.6398;164577.3;91.9637;164484.6;1446.19;716.012;730.173
326;217.75;142.59;212.169;548.842;199.31;996.289;106882.2;227.347;262556.1;52.8095;163892.1;97.4797;163794.5;1447.62;716.407;731.205
327;217.81;142.618;212.201;549.504;199.636;995.709;106804.5;228.553;262933.7;52.9792;163204.8;102.996;163101.7;1449.05;716.802;732.253
328;217.869;142.646;212.234;550.169;199.961;995.123;106725.9;229.759;263313.1;53.1486;162517.5;108.512;162408.9;1450.48;717.196;733.286
329;217.928;142.673;212.266;550.831;200.286;994.543;106647.2;230.965;263692.5;53.3182;161832.3;112.649;161718.7;1451.91;717.591;734.334
330;217.987;142.701;212.298;551.494;200.612;993.957;106568.5;232.171;264071.9;53.4879;161145;118.165;161025.9;1453.35;717.986;735.367
331;218.047;142.729;212.331;552.156;200.937;993.376;106490.9;233.376;264449.4;53.6576;160457.7;123.681;160333.1;1454.8;718.381;736.415
332;218.106;142.757;212.363;552.818;201.262;992.79;106412.2;234.582;264828.8;53.8273;159770.5;129.197;159643;1456.24;718.776;737.463
333;218.165;142.784;212.396;553.483;201.588;992.21;106333.5;235.788;265208.2;53.997;159085.2;133.334;158950.2;1457.67;719.159;738.511
334;218.224;142.812;212.428;554.145;201.913;991.624;106255.9;237.145;265587.6;54.1666;158398;138.85;158260.1;1459.13;719.554;739.559
335;218.283;142.84;212.46;554.808;202.238;991.043;106177.2;238.351;265967;54.3363;157710.7;144.366;157567.3;1460.56;719.949;740.607
336;218.341;142.868;212.492;555.47;202.564;990.463;106098.6;239.557;266344.6;54.5057;157025.5;149.882;156874.4;1461.99;720.344;741.655
337;218.4;142.896;212.525;556.135;202.889;989.877;106019.9;240.763;266724;54.6754;156338.2;155.398;156184.3;1463.45;720.739;742.718
338;218.459;142.924;212.557;556.797;203.214;989.296;105942.3;241.969;267103.3;54.845;155650.9;159.535;155491.5;1464.88;721.123;743.767
339;218.518;142.952;212.589;557.46;203.539;988.71;105863.6;243.174;267482.7;55.0147;154963.6;165.051;154798.7;1466.34;721.518;744.83
340;218.576;142.98;212.622;558.122;203.864;988.13;105784.9;244.38;267860.3;55.1844;154278.4;170.567;154108.6;1467.8;721.913;745.878
341;218.635;143.008;212.655;558.785;204.189;987.544;105706.2;245.586;268239.7;55.3541;153591.1;176.083;153415.8;1469.23;722.296;746.942
342;218.693;143.035;212.687;559.449;204.515;986.963;105628.6;246.792;268619.1;55.5238;152903.8;180.22;152723;1470.69;722.691;747.99
343;218.752;143.063;212.718;560.111;204.84;986.377;105549.9;247.998;268998.5;55.6931;152218.6;185.736;152032.8;1472.15;723.086;749.053
344;218.81;143.091;212.743;560.774;205.166;985.797;105471.2;249.204;269376;55.8628;151531.3;191.252;151340;1473.61;723.481;750.117
345;218.868;143.119;212.769;561.436;205.491;985.211;105392.6;250.561;269755.4;56.0325;150844;196.768;150647.2;1475.04;723.864;751.18
346;218.926;143.146;212.813;562.099;205.817;984.63;105315;251.767;270134.8;56.2022;150156.8;200.905;149957.1;1476.5;724.259;752.244
347;218.984;143.174;212.873;562.761;206.142;984.044;105236.3;252.973;270514.2;56.3719;149471.5;206.421;149264.3;1477.96;724.642;753.307
348;219.042;143.202;212.949;563.424;206.467;983.464;105157.6;254.179;270891.8;56.5415;148784.3;211.937;148571.5;1479.42;725.037;754.386
349;219.099;143.23;213.035;564.088;206.793;982.878;105078.9;255.384;271271.2;56.7112;148097;217.453;147881.3;1480.88;725.42;755.449
350;219.157;143.257;213.122;564.751;207.118;982.297;105001.3;256.59;271650.6;56.8809;147411.8;221.59;147188.5;1482.33;725.815;756.513
351;219.214;143.285;213.215;565.413;207.443;981.711;104922.6;257.796;272029.9;57.0502;146724.5;227.107;146498.4;1483.79;726.21;757.592
352;219.271;143.313;213.314;566.076;207.768;981.131;104843.9;259.002;272407.5;57.2199;146037.2;232.623;145805.6;1485.25;726.594;758.655
353;219.328;143.34;213.414;566.738;208.093;980.545;104766.3;260.208;272786.9;57.3896;145352;238.138;145112.8;1486.71;726.989;759.734
354;219.385;143.368;213.511;567.401;208.418;979.964;104687.6;261.565;273166.3;57.559;144664.7;242.276;144422.7;1488.2;727.372;760.813
355;219.441;143.397;213.608;568.067;208.744;979.384;104613.2;263.072;273547.5;57.7276;143975.3;247.792;143727.2;1489.74;727.802;761.923
356;219.498;143.425;213.704;568.729;209.07;978.803;104536.7;264.429;273926.9;57.8969;143288.1;253.308;143034.4;1491.25;728.208;763.033
357;219.554;143.452;213.801;569.39;209.394;978.217;104452.7;265.183;274302.6;58.068;142604.9;258.824;142346.9;1492.6;728.545;764.05
358;219.61;143.478;213.898;570.048;209.719;977.62;104366.5;265.635;274676.6;58.2394;141921.8;262.961;141659.5;1493.87;728.847;765.036
359;219.665;143.495;213.996;570.68;210.034;976.952;104225.1;260.962;275017.8;58.4244;141271.9;261.582;141009.6;1493.98;728.58;765.391
360;219.72;143.517;214.094;571.325;210.355;976.322;104111.4;258.851;275373.6;58.6026;140605.4;264.34;140341;1494.68;728.603;766.069
361;219.777;143.563;214.187;572.044;210.695;975.89;104142.2;270.308;275820.2;58.7457;139855.8;279.509;139575.7;1498.54;730.125;768.412
362;219.827;143.629;214.277;572.818;211.053;975.594;104278.3;291.863;276332.1;58.863;139046;304.331;138740.6;1504.7;732.739;771.957
363;219.862;143.714;214.364;573.642;211.423;975.424;104509;322.162;276903.9;58.9576;138182.2;338.806;137843.7;1512.94;736.328;776.611
364;219.895;143.813;214.447;574.52;211.81;975.397;104841.8;362.259;277537.4;59.0269;137258.2;382.934;136877;1523.45;740.997;782.453
365;219.93;143.918;214.528;575.444;212.209;975.49;105266;410.948;278227.2;59.0742;136284.4;435.337;135848.5;1535.99;746.62;789.358
366;219.965;144.042;214.602;576.435;212.628;975.759;105817.9;471.545;278996.9;59.0905;135235.8;498.771;134736.8;1551.36;753.601;797.773
367;220;144.18;214.671;577.488;213.064;976.18;106487.7;543.448;279841;59.0779;134118.7;574.616;133544.5;1569.38;761.825;807.56
368;220.035;144.304;214.747;578.534;213.498;976.585;107141.6;613.843;280674.2;59.0694;133012;647.704;132365.6;1587.11;769.909;817.193
369;220.07;144.41;214.833;579.556;213.926;976.936;107754;680.169;281482;59.0708;131928.1;718.033;131210.9;1603.96;777.587;826.364
370;220.104;144.501;214.925;580.58;214.353;977.281;108366.4;746.645;282287.9;59.0725;130846.3;786.984;130059;1620.85;785.289;835.566
371;220.139;144.582;215.023;581.598;214.78;977.62;108972.5;812.518;283092.1;59.0756;129766.6;857.313;128909.6;1637.65;792.944;844.721
372;220.173;144.667;215.124;582.618;215.206;977.96;109579.6;878.391;283896.2;59.0783;128686.9;926.263;127760.3;1654.54;800.634;853.907
373;220.208;144.755;215.227;583.64;215.633;978.305;110188.8;944.566;284702.2;59.0806;127605.1;995.214;126608.3;1671.51;808.37;863.139
374;220.242;144.844;215.337;584.662;216.061;978.65;110798.1;1010.59;285506.4;59.0827;126523.3;1065.54;125459;1688.53;816.117;872.402
375;220.277;144.933;215.448;585.682;216.488;978.99;111407.3;1076.76;286312.3;59.0851;125441.5;1134.49;124307;1705.6;823.9;881.696
376;220.311;145.022;215.557;586.704;216.915;979.335;112016.5;1142.94;287118.3;59.0874;124359.7;1204.82;123155;1722.7;831.706;891.006
377;220.345;145.113;215.666;587.724;217.342;979.68;112625.8;1208.96;287922.5;59.0895;123277.9;1273.77;122005.7;1739.86;839.535;900.33
378;220.379;145.208;215.775;588.746;217.769;980.025;113235;1275.14;288728.4;59.0919;122198.1;1342.72;120853.7;1757.07;847.388;909.701
379;220.413;145.294;215.883;589.768;218.196;980.364;113844.2;1341.16;289534.4;59.0939;121116.3;1413.05;119701.7;1774.33;855.251;919.072
380;220.447;145.366;215.992;590.788;218.623;980.709;114453.5;1407.34;290340.4;59.0963;120034.5;1482;118552.4;1791.62;863.139;928.474
381;220.481;145.422;216.1;591.81;219.051;981.054;115062.7;1473.51;291144.5;59.0987;118952.7;1552.33;117400.4;1808.97;871.061;937.907
382;220.515;145.464;216.208;592.832;219.478;981.394;115671.9;1539.54;291950.5;59.1007;117870.9;1621.28;116251.1;1826.37;879.006;947.37
383;220.549;145.509;216.316;593.852;219.905;981.739;116281.2;1605.71;292756.5;59.1031;116789.1;1691.61;115099.1;1843.82;886.963;956.849
384;220.583;145.555;216.425;594.875;220.332;982.084;116889.3;1671.88;293560.6;59.1055;115709.4;1760.56;113947.1;1861.3;894.943;966.344
385;220.617;145.599;216.533;595.895;220.759;982.429;117498.6;1737.91;294366.6;59.1075;114627.6;1829.51;112797.8;1878.83;902.946;975.869
386;220.65;145.641;216.642;596.917;221.186;982.768;118107.8;1804.08;295170.8;59.1099;113545.8;1899.84;111645.8;1896.39;910.973;985.425
387;220.684;145.681;216.751;597.937;221.612;983.113;118717;1870.11;295976.7;59.1119;112466.1;1968.79;110496.5;1914.04;919.023;994.996
388;220.718;145.718;216.86;598.959;222.04;983.458;119326.3;1936.28;296782.7;59.1143;111384.3;2039.12;109344.5;1931.7;927.107;1004.6
389;220.752;145.752;216.97;599.979;222.467;983.798;119935.5;2002.46;297586.9;59.1167;110302.5;2108.07;108195.2;1949.43;935.204;1014.22
390;220.785;145.783;217.078;601.001;222.894;984.143;120544.7;2068.48;298392.8;59.1187;109220.7;2177.02;107043.2;1967.2;943.323;1023.86
391;220.819;145.811;217.185;602.023;223.321;984.488;121154;2134.66;299198.8;59.1211;108138.9;2247.35;105891.2;1985.01;951.466;1033.54
392;220.853;145.831;217.277;603.043;223.748;984.827;121763.2;2200.83;300003;59.1235;107057.1;2316.3;104741.9;2002.87;959.632;1043.24
393;220.886;145.845;217.36;604.065;224.175;985.172;122372.4;2266.85;300808.9;59.1255;105977.4;2386.63;103589.9;2020.78;967.821;1052.96
394;220.92;145.876;217.488;605.085;224.602;985.517;122981.7;2333.03;301614.9;59.1279;104895.6;2455.58;102437.9;2038.74;976.034;1062.7
395;220.953;145.926;217.669;606.107;225.029;985.862;123590.9;2399.2;302420.9;59.13;103813.8;2525.91;101288.5;2056.74;984.269;1072.48
396;220.986;146;217.901;607.129;225.457;986.202;124200.1;2465.23;303225;59.1323;102732;2594.86;100136.5;2074.78;992.528;1082.28
397;221.02;146.084;218.17;608.149;225.883;986.547;124809.4;2531.4;304031;59.1347;101650.2;2663.81;98987.24;2092.89;1000.81;1092.1
398;221.053;146.148;218.433;609.171;226.31;986.892;125418.6;2597.58;304837;59.1368;100568.4;2734.14;97835.24;2111.04;1009.1;1101.93
399;221.086;146.198;218.699;610.193;226.737;987.231;126027.9;2663.6;305641.1;59.1391;99488.64;2803.09;96683.24;2129.22;1017.43;1111.8
400;221.119;146.238;218.977;611.213;227.164;987.577;126637.1;2729.78;306447.1;59.1415;98406.84;2873.42;95533.93;2147.46;1025.79;1121.69
401;221.152;146.265;219.259;612.236;227.591;987.922;127246.3;2795.95;307253.1;59.1436;97325.04;2942.37;94381.93;2165.75;1034.16;1131.6
402;221.185;146.279;219.535;613.256;228.018;988.266;127855.6;2861.97;308057.2;59.1459;96243.24;3012.7;93229.93;2184.09;1042.55;1141.54
403;221.218;146.272;219.812;614.278;228.446;988.606;128464.8;2928.15;308863.2;59.1483;95161.44;3081.65;92080.62;2202.47;1050.97;1151.5
404;221.251;146.244;220.087;615.3;228.873;988.951;129074;2994.32;309669.2;59.1504;94079.64;3150.6;90928.62;2220.89;1059.41;1161.49
405;221.284;146.23;220.363;616.322;229.3;989.296;129683.3;3060.35;310475.1;59.1527;92999.92;3220.93;89779.31;2239.37;1067.88;1171.5
406;221.317;146.237;220.639;617.342;229.727;989.636;130292.5;3126.52;311279.3;59.1548;91918.12;3289.88;88627.31;2257.91;1076.36;1181.54
407;221.349;146.289;220.915;618.364;230.154;989.981;130901.7;3192.55;312085.3;59.1572;90836.32;3360.21;87475.32;2276.47;1084.88;1191.6
408;221.382;146.353;221.19;619.386;230.581;990.326;131511;3258.72;312891.2;59.1595;89754.52;3429.16;86326;2295.08;1093.4;1201.68
409;221.415;146.328;221.467;620.406;231.008;990.671;132120.2;3324.9;313695.4;59.1616;88672.72;3499.49;85174.01;2313.75;1101.95;1211.79
410;221.447;146.211;221.743;621.428;231.435;991.01;132728.4;3391.07;314501.4;59.164;87593;3568.44;84022.01;2332.42;1110.51;1221.9
411;221.48;145.941;222.018;622.446;231.861;991.355;133335.5;3457.4;315303.7;59.1653;86513.27;3640.15;82872.7;2351.11;1119.08;1232.03
412;221.512;145.642;222.295;623.468;232.288;991.695;133945.8;3523.42;316109.7;59.1677;85431.47;3709.1;81720.7;2369.92;1127.71;1242.22
413;221.544;145.481;222.572;624.492;232.717;992.04;134557.1;3589.29;316917.5;59.1708;84347.6;3776.67;80571.39;2388.86;1136.4;1252.47
414;221.575;145.401;222.853;625.526;233.152;992.396;135180.2;3654.11;317739.8;59.1776;83251.26;3837.35;79414.02;2408.31;1145.31;1263.01
415;221.607;145.399;223.145;626.587;233.604;992.768;135830.9;3716.06;318589.3;59.1929;82130.01;3880.1;78251.28;2428.89;1154.7;1274.2
416;221.638;145.488;223.419;627.605;234.028;993.108;136435.9;3782.69;319389.8;59.1939;81054.44;3951.81;77101.97;2447.72;1163.34;1284.37
417;221.671;145.65;223.66;628.539;234.402;993.387;136954.7;3857.76;320096;59.167;80059.85;4081.43;75979.51;2463.18;1170.53;1292.63
418;221.695;145.946;223.879;629.417;234.743;993.622;137414;3938.55;320736.8;59.1218;79121.32;4246.91;74873.16;2476.36;1176.77;1299.6
419;221.712;146.35;224.076;630.236;235.048;993.814;137813.8;4025.23;321310.4;59.0572;78240.93;4453.77;73788.3;2487.25;1182.01;1305.26
420;221.731;146.655;224.253;631.005;235.326;993.973;138164.7;4116.88;321829.5;58.9769;77408.29;4690.95;72716.86;2496.19;1186.4;1309.79
421;221.749;146.832;224.411;631.73;235.573;994.093;138465.6;4213.35;322296.1;58.8807;76623.42;4961.24;71661.53;2503.16;1189.96;1313.21
422;221.768;146.887;224.533;632.362;235.766;994.148;138671.9;4319.17;322655.5;58.7542;75929.9;5293.58;70635.74;2506.41;1191.9;1314.49
423;221.786;146.862;224.635;632.944;235.929;994.165;138826;4430.27;322956.8;58.6107;75286.22;5660.4;69626.07;2507.57;1192.97;1314.6
424;221.804;146.867;224.749;633.556;236.11;994.203;139010;4538.35;323294.5;58.4774;74613.47;6006.53;68608.33;2509.97;1194.56;1315.4
425;221.822;146.881;224.868;634.181;236.297;994.247;139207.7;4644.92;323644.8;58.3482;73928.26;6344.38;67582.55;2512.89;1196.39;1316.51
426;221.84;146.885;224.988;634.806;236.487;994.296;139408.7;4751.49;323998.8;58.2197;73238.9;6679.48;66559.44;2515.92;1198.23;1317.66
427;221.858;146.888;225.109;635.436;236.678;994.345;139610.7;4857.61;324354.6;58.0921;72549.54;7014.58;65533.65;2519.02;1200.14;1318.88
428;221.876;146.894;225.23;636.063;236.868;994.395;139812.7;4964.04;324708.5;57.9639;71860.17;7349.68;64510.55;2522.07;1202.01;1320.05
429;221.894;146.903;225.35;636.69;237.059;994.444;140012.6;5070.46;325062.5;57.8357;71170.81;7686.16;63484.76;2525.1;1203.88;1321.22
430;221.912;146.912;225.47;637.317;237.248;994.493;140213.5;5176.88;325416.5;57.7075;70483.53;8021.26;62461.66;2528.13;1205.74;1322.38
431;221.93;146.915;225.59;637.945;237.438;994.543;140413.4;5283.3;325770.5;57.579;69794.16;8357.74;61435.87;2531.15;1207.61;1323.55
432;221.948;146.918;225.71;638.572;237.628;994.592;140614.4;5389.73;326124.4;57.4508;69104.8;8692.83;60412.77;2534.18;1209.48;1324.71
433;221.966;146.879;225.831;639.199;237.818;994.641;140815.3;5496.15;326478.4;57.3223;68417.52;9029.31;59389.67;2537.23;1211.34;1325.88
434;221.983;146.84;225.951;639.827;238.007;994.69;141015.2;5602.57;326832.4;57.1941;67728.15;9364.41;58363.88;2540.26;1213.21;1327.04
435;222.001;146.913;226.071;640.452;238.197;994.74;141216.2;5708.99;327186.4;57.0655;67040.87;9700.89;57340.78;2543.28;1215.08;1328.21
436;222.019;147.102;226.191;641.079;238.387;994.789;141417.1;5815.41;327540.3;56.9373;66351.51;10035.99;56314.99;2546.31;1216.95;1329.38
437;222.036;147.489;226.311;641.707;238.577;994.838;141617;5921.84;327894.3;56.8092;65664.22;10372.47;55291.89;2549.36;1218.81;1330.53
438;222.054;147.903;226.43;642.334;238.766;994.888;141818;6028.26;328248.3;56.6806;64974.86;10707.56;54266.1;2552.39;1220.68;1331.7
439;222.071;148.139;226.551;642.959;238.956;994.937;142017.9;6134.68;328602.2;56.5524;64287.57;11044.04;53242.99;2555.41;1222.55;1332.88
440;222.088;148.248;226.671;643.587;239.146;994.991;142218.8;6241.1;328956.2;56.4239;63598.21;11380.52;52217.21;2558.47;1224.42;1334.05
441;222.106;148.209;226.791;644.214;239.336;995.046;142419.8;6347.52;329310.2;56.2957;62908.85;11715.62;51194.1;2561.49;1226.29;1335.2
442;222.123;148.15;226.911;644.841;239.525;995.09;142619.6;6453.95;329664.2;56.1675;62221.56;12052.1;50168.32;2564.55;1228.17;1336.38
443;222.14;148.15;227.031;645.468;239.715;995.128;142820.6;6560.37;330018.1;56.0389;61532.2;12387.2;49145.21;2567.57;1230.04;1337.55
444;222.157;148.153;227.152;646.096;239.905;995.057;143021.5;6666.94;330372.1;55.9108;60844.92;12723.67;48122.11;2570.62;1231.91;1338.7
445;222.174;148.162;227.272;646.723;240.095;994.942;143221.4;6773.36;330726.1;55.7822;60155.55;13058.77;47096.32;2573.65;1233.79;1339.87
446;222.191;148.171;227.392;647.35;240.285;995.139;143422.4;6879.79;331080.1;55.654;59468.27;13395.25;46073.22;2576.7;1235.66;1341.05
447;222.208;148.177;227.512;647.976;240.475;995.665;143622.3;6986.21;331434;55.5258;58778.91;13730.35;45047.43;2579.76;1237.54;1342.22
448;222.225;148.184;227.632;648.603;240.664;996.289;143823.2;7092.63;331788;55.3973;58089.54;14066.83;44024.33;2582.81;1239.41;1343.37
449;222.242;148.19;227.753;649.23;240.854;997.116;144024.2;7199.05;332142;55.2691;57402.26;14401.93;42998.54;2585.83;1241.3;1344.54
450;222.259;148.197;227.873;649.856;241.043;998.255;144224.1;7305.48;332496;55.1405;56712.9;14738.4;41975.44;2588.89;1243.17;1345.72
451;222.276;148.203;227.993;650.483;241.233;999.641;144425;7411.9;332849.9;55.0123;56025.61;15073.5;40952.33;2591.94;1245.05;1346.89
452;222.293;148.21;228.113;651.11;241.423;1001.28;144624.9;7518.17;333203.9;54.8841;55336.25;15409.98;39926.55;2594.97;1246.92;1348.06
453;222.309;148.217;228.232;651.737;241.613;1002.98;144825.9;7624.59;333557.9;54.7559;54648.96;15745.08;38903.44;2598.02;1248.8;1349.23
454;222.326;148.224;228.352;652.365;241.802;1004.58;145026.8;7731.01;333911.9;54.6274;53959.6;16081.56;37877.66;2601.07;1250.68;1350.4
455;222.343;148.23;228.472;652.992;241.992;1006.17;145226.7;7837.44;334265.8;54.4992;53272.32;16416.66;36854.55;2604.13;1252.56;1351.56
456;222.359;148.237;228.593;653.617;242.181;1007.75;145427.7;7943.86;334619.8;54.371;52582.95;16753.13;35831.45;2607.18;1254.44;1352.73
457;222.376;148.244;228.713;654.245;242.372;1009.33;145627.5;8050.28;334973.8;54.2425;51895.67;17089.61;34805.66;2610.23;1256.33;1353.9
458;222.393;148.25;228.833;654.872;242.562;1010.92;145828.5;8156.7;335327.8;54.1143;51206.31;17424.71;33782.56;2613.28;1258.22;1355.07
459;222.409;148.248;228.953;655.499;242.751;1012.49;146029.4;8263.12;335681.7;53.9858;50519.02;17761.19;32756.77;2616.34;1260.1;1356.24
460;222.425;148.252;229.074;656.126;242.941;1014.08;146229.3;8369.55;336035.7;53.8576;49829.66;18096.29;31733.67;2619.39;1261.98;1357.41
461;222.442;148.27;229.194;656.754;243.131;1015.68;146430.3;8476.12;336389.7;53.729;49140.3;18432.77;30707.88;2622.44;1263.86;1358.59
462;222.458;148.306;229.314;657.381;243.321;1017.29;146631.2;8582.54;336743.7;53.6008;48453.01;18767.86;29684.78;2625.52;1265.75;1359.76
463;222.474;148.476;229.433;658.006;243.511;1018.9;146831.1;8688.96;337097.6;53.4726;47763.65;19104.34;28658.99;2628.57;1267.64;1360.93
464;222.491;148.533;229.553;658.634;243.701;1020.53;147032.1;8795.39;337451.6;53.3441;47076.36;19439.44;27635.89;2631.63;1269.52;1362.1
465;222.507;148.256;229.673;659.261;243.89;1022.15;147232;8901.81;337805.6;53.2159;46387;19775.92;26612.78;2634.71;1271.42;1363.29
466;222.523;147.693;229.793;659.884;244.078;1023.76;147430.8;9007.93;338155.9;53.088;45701.79;20112.4;25589.68;2637.71;1273.27;1364.43
467;222.539;146.799;229.912;660.508;244.267;1025.38;147628.5;9113.75;338506.3;52.9605;45018.66;20448.87;24569.26;2640.68;1275.13;1365.55
468;222.555;146.061;230.033;661.139;244.458;1027.01;147831.6;9220.62;338863.9;52.8316;44325.14;20783.97;23540.79;2643.81;1277.05;1366.77
469;222.571;145.7;230.154;661.77;244.649;1028.64;148035.8;9327.65;339221.5;52.7024;43631.63;21119.07;22512.32;2646.97;1278.98;1367.99
470;222.587;145.61;230.286;662.458;244.862;1030.4;148278.2;9440.7;339626.3;52.562;42877.9;21439;21438.19;2651.13;1281.36;1369.76
471;222.602;145.759;230.423;663.167;245.084;1032.2;148534.4;9556.32;340049.2;52.4171;42101.33;21754.79;20345.27;2655.67;1283.91;1371.75
472;222.62;145.856;230.528;663.717;245.244;1033.66;148682.2;9654;340337.8;52.3042;41497.1;22110.58;19386.62;2657.32;1285.18;1372.15
473;222.636;145.869;230.598;664.092;245.339;1034.74;148708.8;9732.68;340479.4;52.226;41079.74;22507.73;18570.28;2655.89;1285.04;1370.85
474;222.628;145.878;230.644;664.344;245.387;1035.55;148652.4;9797.8;340517.6;52.1719;40793.2;22936.6;17855.99;2652.27;1283.9;1368.36
475;222.608;145.873;230.662;664.455;245.383;1036.06;148500.4;9847.55;340439.5;52.1458;40656.16;23398.57;17257.17;2646.16;1281.66;1364.5
476;222.592;145.869;230.654;664.44;245.33;1036.3;148259;9882.97;340252.5;52.1451;40658.23;23892.26;16765.75;2637.73;1278.36;1359.37
477;222.577;145.867;230.619;664.279;245.223;1036.22;147919.9;9902.72;339943.9;52.1726;40811.89;24421.8;16389.81;2626.79;1273.92;1352.87
478;222.562;145.861;230.545;663.926;245.042;1035.72;147447.8;9900.91;339473.8;52.2389;41175.26;24998.22;16177.67;2612.36;1267.91;1344.45
479;222.546;145.856;230.463;663.531;244.848;1035.14;146948.1;9894.88;338969.2;52.3131;41582.23;25585.68;15995.07;2597.26;1261.59;1335.67
480;222.531;145.851;230.396;663.212;244.68;1034.72;146499.4;9896.99;338526.2;52.3722;41908.22;26153.83;15753.39;2583.48;1255.86;1327.61
481;222.516;145.846;230.329;662.9;244.515;1034.31;146053.9;9899.7;338088.8;52.4304;42227.99;26720.6;15506.34;2569.81;1250.19;1319.61
482;222.5;145.842;230.265;662.593;244.354;1033.92;145614.8;9903.32;337658.5;52.4872;42539.45;27285.99;15253.92;2556.3;1244.59;1311.7
483;222.485;145.837;230.201;662.29;244.193;1033.53;145176.7;9907.09;337230.1;52.5433;42848.83;27851.39;14998.82;2542.85;1239.02;1303.82
484;222.47;145.833;230.136;661.983;244.03;1033.14;144736.5;9910.56;336796.3;52.6001;43162.36;28416.78;14746.4;2529.34;1233.42;1295.92
485;222.454;145.828;230.071;661.676;243.868;1032.75;144296.4;9913.87;336364.3;52.6572;43475.9;28982.17;14493.98;2515.83;1227.81;1288.03
486;222.439;145.823;230.007;661.368;243.705;1032.35;143855.1;9917.34;335932.2;52.7143;43791.51;29547.57;14244.25;2502.35;1222.21;1280.12
487;222.424;145.819;229.942;661.061;243.542;1031.95;143414.9;9920.66;335500.2;52.7714;44105.05;30112.96;13991.83;2488.87;1216.62;1272.24
488;222.408;145.814;229.877;660.752;243.38;1031.56;142973.7;9924.12;335068.2;52.8282;44418.58;30678.35;13739.41;2475.39;1211.04;1264.37
489;222.393;145.81;229.812;660.445;243.217;1031.16;142533.5;9927.44;334636.1;52.8854;44732.12;31243.75;13486.99;2461.94;1205.45;1256.49
490;222.378;145.805;229.747;660.136;243.054;1030.77;142092.3;9930.76;334202.3;52.9425;45045.65;31810.52;13237.26;2448.48;1199.86;1248.62
491;222.362;145.8;229.682;659.83;242.891;1030.38;141651;9934.22;333770.3;52.9993;45359.19;32375.91;12984.84;2435.05;1194.29;1240.77
492;222.347;145.796;229.617;659.521;242.729;1029.98;141210.9;9937.54;333338.2;53.0564;45674.8;32941.3;12732.42;2421.63;1188.71;1232.92
493;222.332;145.791;229.553;659.214;242.566;1029.59;140769.6;9941.01;332906.2;53.1135;45988.33;33506.7;12480;2408.23;1183.15;1225.08
494;222.316;145.787;229.488;658.905;242.404;1029.19;140329.4;9944.32;332474.2;53.1703;46301.87;34072.09;12230.27;2394.83;1177.57;1217.25
495;222.301;145.782;229.423;658.598;242.242;1028.79;139888.2;9947.64;332040.3;53.2274;46615.4;34637.48;11977.85;2381.43;1172.02;1209.42
496;222.286;145.778;229.358;658.292;242.079;1028.4;139448;9951.1;331608.3;53.2846;46928.94;35204.26;11725.43;2368.05;1166.45;1201.59
497;222.27;145.773;229.293;657.983;241.916;1028;139006.8;9954.42;331176.3;53.3414;47242.47;35769.65;11473.01;2354.68;1160.91;1193.78
498;222.255;145.768;229.228;657.676;241.753;1027.6;138566.6;9957.89;330744.2;53.3985;47558.08;36335.04;11223.28;2341.33;1155.36;1185.98
499;222.24;145.764;229.163;657.367;241.59;1027.21;138125.3;9961.2;330312.2;53.4556;47871.62;36900.44;10970.86;2327.99;1149.82;1178.18
500;222.224;145.759;229.098;657.061;241.427;1026.82;137685.2;9964.52;329878.4;53.5127;48185.16;37465.83;10718.44;2314.67;1144.28;1170.39
501;222.209;145.755;229.034;656.752;241.265;1026.43;137243.9;9967.99;329446.3;53.5695;48498.69;38032.6;10466.02;2301.38;1138.75;1162.61
502;222.194;145.75;228.969;656.445;241.102;1026.03;136802.7;9971.31;329014.3;53.6267;48812.23;38597.99;10216.28;2288.06;1133.22;1154.84
503;222.178;145.745;228.904;656.138;240.94;1025.64;136362.5;9974.77;328582.3;53.6838;49127.84;39163.39;9963.87;2274.76;1127.69;1147.08
504;222.163;145.741;228.839;655.829;240.777;1025.24;135921.3;9978.09;328150.3;53.7409;49441.37;39728.78;9711.45;2261.5;1122.17;1139.32
505;222.148;145.736;228.774;655.523;240.614;1024.84;135481.1;9981.4;327718.2;53.7977;49754.91;40294.17;9459.03;2248.21;1116.66;1131.57
506;222.132;145.732;228.709;655.214;240.452;1024.44;135039.8;9984.87;327284.4;53.8548;50068.44;40859.57;9209.29;2234.97;1111.14;1123.82
507;222.117;145.727;228.644;654.907;240.289;1024.05;134599.7;9988.19;326852.3;53.912;50381.98;41426.34;8956.88;2221.73;1105.63;1116.1
508;222.102;145.723;228.579;654.598;240.127;1023.66;134158.4;9991.65;326420.3;53.9687;50695.51;41991.73;8704.46;2208.49;1100.13;1108.36
509;222.086;145.718;228.514;654.292;239.964;1023.26;133718.2;9994.97;325988.3;54.0259;51011.12;42557.13;8452.04;2195.25;1094.63;1100.65
510;222.071;145.713;228.449;653.983;239.801;1022.86;133277;9998.29;325556.3;54.083;51324.66;43122.52;8202.3;2182.07;1089.14;1092.93
511;222.056;145.709;228.385;653.676;239.638;1022.47;132835.7;10001.75;325122.4;54.1398;51638.19;43687.91;7949.88;2168.86;1083.64;1085.22
512;222.041;145.704;228.32;653.369;239.475;1022.07;132395.6;10005.07;324690.4;54.1969;51951.73;44254.68;7697.47;2155.67;1078.15;1077.53
513;222.025;145.7;228.255;653.06;239.312;1021.67;131954.3;10008.54;324258.4;54.254;52265.27;44820.08;7445.05;2142.52;1072.67;1069.84
514;222.01;145.695;228.189;652.754;239.15;1021.28;131514.1;10011.85;323826.3;54.3112;52578.8;45385.47;7195.31;2129.36;1067.18;1062.17
515;221.994;145.69;228.118;652.445;238.988;1020.88;131072.9;10015.17;323392.5;54.368;52894.41;45950.86;6942.89;2116.2;1061.71;1054.49
516;221.979;145.686;228.048;652.138;238.826;1020.5;130632.7;10018.64;322960.4;54.4251;53207.95;46516.26;6690.47;2103.07;1056.24;1046.83
517;221.964;145.681;228.002;651.829;238.662;1020.1;130191.5;10021.95;322528.4;54.4822;53521.48;47081.65;6438.06;2089.94;1050.78;1039.17
518;221.948;145.677;227.929;651.522;238.5;1019.7;129751.3;10025.42;322096.4;54.539;53835.02;47648.42;6188.32;2076.84;1045.32;1031.53
519;221.933;145.672;227.811;651.216;238.337;1019.31;129310.1;10028.74;321664.4;54.5961;54148.55;48213.81;5935.9;2063.74;1039.86;1023.88
520;221.918;145.668;227.88;650.907;238.174;1018.91;128869.9;10032.05;321232.3;54.6533;54462.09;48779.21;5683.48;2050.66;1034.42;1016.25
521;221.902;145.663;228.22;650.6;238.012;1018.51;128429.7;10035.52;320800.3;54.71;54777.7;49344.6;5433.75;2037.58;1028.98;1008.62
522;221.887;145.658;228.876;650.291;237.849;1018.11;127989.5;10038.38;320366.5;54.7668;55091.23;49909.99;5181.33;2024.59;1023.55;1001.04
523;221.872;145.654;229.797;649.985;237.686;1017.72;127549.3;10041.4;319934.4;54.8236;55404.77;50475.39;4931.6;2011.57;1018.13;993.439
524;221.856;145.649;230.656;649.678;237.524;1017.32;127107;10045.47;319502.4;54.8811;55718.3;51040.78;4676.49;1998.46;1012.66;985.795
525;221.841;145.645;231.434;649.371;237.361;1016.93;126663.7;10050.14;319070.4;54.9389;56029.76;51607.55;4424.07;1985.28;1007.16;978.119
526;221.826;145.64;232.287;649.074;237.2;1016.6;126204.3;10062.35;318636.5;55.0021;56330.84;52175.7;4155.54;1971.23;1001.26;969.966
527;221.81;145.636;233.088;648.773;237.039;1016.23;125752.5;10070.79;318202.7;55.063;56636.07;52743.85;3892.38;1957.64;995.583;962.059
528;221.798;145.631;233.688;648.447;236.874;1015.74;125345.3;10058.58;317772.5;55.1089;56974.52;53303.73;3672.19;1946.45;990.983;955.478
529;221.778;145.626;234.119;648.097;236.704;1015.13;124974.2;10028.74;317344.1;55.1426;57339.97;53856.71;3481.53;1937.32;987.301;950.037
530;221.74;145.621;234.36;647.721;236.532;1014.41;124644.6;9979.59;316917.5;55.163;57734.48;54404.18;3331.15;1930.46;984.641;945.829
531;221.702;145.616;234.435;647.329;236.357;1013.58;124349;9914.33;316492.7;55.1718;58153.91;54943.37;3210.31;1925.49;982.817;942.654
532;221.665;145.61;234.382;646.918;236.181;1012.68;124076.8;9837.75;316069.8;55.1728;58592.03;55479.81;3110.96;1921.79;981.586;940.203
533;221.627;145.605;234.094;646.483;236;1011.65;123851.4;9739.17;315648.6;55.1582;59063.37;56009.34;3054.57;1920.65;981.493;939.171
534;221.59;145.599;233.579;646.019;235.815;1010.48;123670.7;9619.18;315229.3;55.129;59567.94;56529.23;3038.45;1922.01;982.527;939.479
535;221.553;145.593;233.093;645.558;235.631;1009.33;123484.6;9502.05;314810;55.1014;60068.35;57050.5;3016.97;1923.03;983.398;939.633
536;221.515;145.588;232.687;645.109;235.448;1008.23;123282.6;9392.31;314390.6;55.0793;60556.3;57574.52;2982.06;1923.17;983.886;939.294
537;221.478;145.582;232.283;644.657;235.265;1007.14;123080.6;9282.88;313969.5;55.0572;61044.25;58098.54;2944.47;1923.3;984.362;938.94
538;221.44;145.577;231.89;644.21;235.083;1006.05;122876.4;9174.34;313550.2;55.0358;61530.13;58623.94;2906.87;1923.3;984.78;938.539
539;221.403;145.572;231.494;643.76;234.9;1004.97;122672.3;9065.66;313130.9;55.014;62018.08;59147.97;2869.28;1923.36;985.21;938.138
540;221.365;145.566;231.095;643.311;234.717;1003.89;122469.2;8956.53;312709.7;54.9923;62506.03;59673.37;2831.68;1923.41;985.652;937.753
541;221.328;145.56;230.696;642.861;234.535;1002.8;122265.1;8847.54;312290.4;54.9705;62991.91;60197.39;2796.78;1923.46;986.081;937.383
542;221.29;145.555;230.297;642.412;234.353;1001.71;122062;8738.41;311869.3;54.9488;63479.86;60721.41;2759.18;1923.55;986.523;937.013
543;221.252;145.549;229.898;641.962;234.17;1000.63;121858.9;8629.27;311449.9;54.927;63967.81;61246.82;2721.59;1923.6;986.953;936.628
544;221.214;145.543;229.499;641.513;233.988;999.537;121655.8;8520.28;311030.6;54.9052;64455.76;61770.84;2683.99;1923.65;987.394;936.258
545;221.177;145.538;229.099;641.062;233.805;998.453;121451.7;8411.15;310609.5;54.8835;64943.71;62294.86;2646.4;1923.68;987.812;935.872
546;221.139;145.533;228.7;640.612;233.623;997.363;121248.6;8302.17;310190.2;54.8614;65429.59;62820.26;2611.49;1923.73;988.242;935.503
547;221.101;145.528;228.301;640.163;233.44;996.273;121045.5;8193.03;309770.8;54.8396;65917.54;63344.29;2573.9;1923.79;988.672;935.117
548;221.063;145.522;227.903;639.713;233.257;995.189;120842.4;8084.05;309349.7;54.8178;66405.49;63868.31;2536.3;1923.82;989.09;934.747
549;221.025;145.517;227.505;639.264;233.074;994.099;120639.4;7974.91;308930.4;54.7961;66893.45;64393.71;2498.71;1923.87;989.508;934.362
550;220.987;145.511;227.107;638.814;232.892;993.015;120435.2;7865.93;308509.2;54.7743;67379.32;64917.73;2463.8;1923.9;989.926;933.977
551;220.949;145.506;226.709;638.365;232.709;991.925;120232.2;7756.79;308089.9;54.7525;67867.27;65441.76;2426.2;1923.92;990.333;933.607
552;220.911;145.5;226.311;637.915;232.527;990.84;120029.1;7647.81;307670.6;54.7308;68355.23;65965.78;2388.61;1923.98;990.739;933.221
553;220.873;145.494;225.912;637.466;232.345;989.751;119826;7538.82;307251.3;54.709;68843.18;66491.18;2351.01;1924.01;991.146;932.851
554;220.834;145.489;225.512;637.016;232.162;988.666;119622.9;7429.68;306830.1;54.6873;69329.05;67015.2;2313.42;1924.03;991.553;932.466
555;220.796;145.483;225.106;636.567;231.98;987.582;119419.8;7320.7;306410.8;54.6655;69817.01;67539.23;2278.51;1924.03;991.959;932.096
556;220.758;145.478;224.684;636.118;231.797;986.503;119215.7;7211.56;305991.5;54.6437;70304.96;68063.25;2240.92;1924.06;992.354;931.711
557;220.719;145.473;224.287;635.666;231.614;985.408;119012.6;7102.58;305570.3;54.622;70792.91;68588.65;2203.32;1924.09;992.749;931.326
558;220.681;145.467;223.936;635.217;231.431;984.313;118809.5;6993.44;305151;54.6002;71278.79;69112.68;2165.73;1924.09;993.144;930.956
559;220.643;145.462;223.613;634.767;231.248;983.146;118606.5;6884.46;304729.9;54.5781;71766.74;69636.7;2130.82;1924.11;993.539;930.57
560;220.604;145.456;223.321;634.318;231.066;981.93;118402.3;6775.32;304310.6;54.5563;72254.69;70162.1;2093.22;1924.11;993.922;930.185
561;220.566;145.45;223.069;633.868;230.883;980.939;118199.2;6666.34;303891.2;54.5346;72742.64;70686.12;2055.63;1924.11;994.317;929.815
562;220.527;145.445;222.859;633.419;230.7;980.222;117996.2;6557.2;303470.1;54.5128;73228.52;71210.15;2018.04;1924.11;994.7;929.43
563;220.488;145.439;222.72;632.969;230.517;979.806;117793.1;6448.22;303050.8;54.4911;73716.47;71735.55;1980.44;1924.11;995.072;929.044
564;220.45;145.434;222.624;632.52;230.335;979.625;117590;6339.08;302631.4;54.4693;74204.42;72259.57;1945.53;1924.11;995.456;928.659
565;220.411;145.428;222.505;632.07;230.152;979.493;117385.9;6230.1;302210.3;54.4475;74692.37;72783.59;1907.94;1924.11;995.827;928.289
566;220.372;145.423;222.374;631.621;229.969;979.444;117182.8;6120.96;301791;54.4258;75180.33;73309;1870.34;1924.11;996.199;927.904
567;220.333;145.417;222.242;631.172;229.787;979.559;116979.7;6011.98;301369.8;54.404;75666.2;73833.02;1832.75;1924.09;996.571;927.519
568;220.294;145.411;222.107;630.72;229.605;979.712;116776.6;5902.84;300950.5;54.3822;76154.15;74357.04;1797.84;1924.09;996.942;927.133
569;220.255;145.406;221.974;630.271;229.422;979.806;116573.6;5793.86;300531.2;54.3605;76642.11;74882.44;1760.25;1924.06;997.302;926.763
570;220.216;145.4;221.842;629.821;229.239;979.893;116369.4;5684.72;300110.1;54.3387;77130.06;75406.47;1722.65;1924.06;997.663;926.378
571;220.177;145.395;221.709;629.372;229.057;979.975;116166.3;5575.74;299690.7;54.3166;77615.93;75930.49;1685.06;1924.03;998.023;925.993
572;220.137;145.39;221.577;628.922;228.875;980.052;115963.3;5466.6;299271.4;54.2948;78103.88;76455.89;1647.46;1924.01;998.383;925.607
573;220.098;145.384;221.444;628.473;228.692;980.134;115760.2;5357.62;298850.3;54.2731;78591.84;76979.91;1612.55;1923.98;998.731;925.222
574;220.059;145.379;221.312;628.023;228.509;980.216;115556;5248.48;298431;54.2513;79079.79;77503.94;1574.96;1923.92;999.091;924.852
575;220.019;145.373;221.179;627.574;228.327;980.298;115353;5139.5;298009.8;54.2296;79565.66;78029.34;1537.37;1923.9;999.44;924.467
576;219.98;145.367;221.047;627.124;228.144;980.38;115149.9;5030.36;297590.5;54.2078;80053.62;78553.36;1499.77;1923.87;999.777;924.082
577;219.94;145.362;220.914;626.675;227.961;980.463;114946.8;4921.38;297171.2;54.186;80541.57;79077.38;1464.86;1923.82;1000.13;923.696
578;219.9;145.356;220.781;626.227;227.779;980.55;114743.7;4812.54;296750;54.1646;81027.44;79600.03;1427.27;1923.76;1000.45;923.311
579;219.861;145.351;220.648;625.776;227.596;980.632;114540.7;4703.41;296330.7;54.1429;81515.4;80124.05;1389.67;1923.71;1000.79;922.926
580;219.821;145.346;220.516;625.325;227.413;980.709;114336.5;4594.12;295911.4;54.1204;82003.35;80650.83;1352.08;1923.68;1001.14;922.54
581;219.781;145.34;220.386;624.865;227.227;980.764;114131.3;4483.78;295492.1;54.0969;82501.68;81187.27;1314.48;1923.68;1001.5;922.201
582;219.741;145.336;220.262;624.385;227.036;980.775;113924;4370.88;295078.2;54.0691;83022.86;81747.14;1274.2;1923.82;1001.9;921.924
583;219.701;145.33;220.129;623.939;226.854;980.862;113720.9;4262.19;294658.9;54.0476;83506.66;82268.41;1239.3;1923.76;1002.23;921.539
584;219.662;145.324;219.979;623.556;226.692;981.109;113528.5;4161.5;294225;54.0391;83921.93;82715.21;1207.07;1923.28;1002.38;920.891
585;219.615;145.321;219.813;623.23;226.545;981.492;113344.5;4068.04;293780.3;54.0418;84277;83095.81;1180.22;1922.44;1002.39;920.043
586;219.559;145.316;219.631;622.962;226.415;982.029;113170.1;3981.97;293326.5;54.0558;84567.69;83407.47;1158.74;1921.22;1002.24;918.98
587;219.504;145.301;219.441;622.727;226.296;982.642;113001.1;3900.12;292863.6;54.0769;84823.09;83680.51;1142.63;1919.79;1002;917.793
588;219.45;145.277;219.241;622.526;226.187;983.343;112837.3;3822.49;292395.2;54.1044;85041.11;83913.56;1126.51;1918.14;1001.67;916.468
589;219.395;145.144;219.018;622.413;226.103;984.258;112687.4;3755.86;291908.8;54.149;85165.69;84045.95;1118.46;1915.95;1001.14;914.818
590;219.34;145.052;218.782;622.345;226.032;985.287;112545;3694.96;291415;54.203;85238.37;84123.17;1115.77;1913.47;1000.46;912.984
591;219.285;145.235;218.554;622.249;225.955;986.246;112398.2;3630.74;290924.9;54.2513;85342.19;84233.49;1107.72;1911.15;999.87;911.274
592;219.231;145.697;218.329;622.141;225.873;987.177;112249.4;3564.87;290438.4;54.2972;85460.54;84357.6;1102.35;1908.9;999.312;909.593
593;219.175;146.605;218.105;622.032;225.79;988.102;112099.5;3498.85;289951.9;54.3431;85578.9;84484.47;1094.29;1906.66;998.754;907.929
594;219.12;147.477;217.881;621.92;225.706;989.022;111949.5;3432.37;289465.4;54.3884;85701.4;84614.1;1086.23;1904.47;998.197;906.264
595;219.065;147.919;217.657;621.811;225.623;989.948;111800.7;3366.2;288978.9;54.4336;85821.83;84742.35;1080.86;1902.23;997.639;904.6
596;219.01;148.089;217.433;621.702;225.541;990.873;111651.8;3300.17;288492.5;54.4791;85940.19;84869.22;1072.81;1900.01;997.082;902.92
597;218.954;147.978;217.208;621.592;225.459;991.799;111501.9;3234;288006;54.5247;86060.62;84996.09;1064.75;1897.77;996.536;901.255
598;218.899;147.869;216.984;621.481;225.376;992.724;111353.1;3167.97;287519.5;54.5703;86181.05;85122.95;1056.69;1895.56;995.978;899.575
599;218.843;147.866;216.759;621.371;225.293;993.65;111203.2;3101.8;287033;54.6159;86299.4;85249.82;1051.32;1893.31;995.421;897.911
600;218.787;147.865;216.535;621.262;225.212;994.575;111054.3;3035.63;286546.5;54.6614;86419.83;85376.69;1043.27;1891.1;994.863;896.231
601;218.732;147.878;216.31;621.152;225.129;995.495;110905.4;2969.6;286060;54.707;86540.26;85503.56;1035.21;1888.86;994.306;894.566
602;218.676;147.889;216.086;621.043;225.046;996.421;110755.5;2903.43;285573.5;54.7525;86658.62;85630.43;1027.16;1886.64;993.748;892.886
603;218.62;147.895;215.862;620.933;224.963;997.346;110606.7;2837.4;285087;54.7981;86779.05;85757.3;1021.79;1884.4;993.19;891.221
604;218.564;147.902;215.639;620.824;224.881;998.272;110456.8;2771.23;284598.7;54.844;86897.4;85884.17;1013.73;1882.18;992.633;889.541
605;218.508;147.908;215.415;620.715;224.798;999.197;110307.9;2705.2;284112.3;54.8896;87017.84;86012.41;1005.67;1879.94;992.075;887.861
606;218.452;147.915;215.189;620.605;224.716;1000.12;110159.1;2639.03;283625.8;54.9352;87138.27;86139.28;997.618;1877.72;991.518;886.197
607;218.396;147.921;214.955;620.494;224.633;1001.05;110009.1;2572.86;283139.3;54.9807;87256.62;86266.15;992.247;1875.48;990.96;884.517
608;218.34;147.927;214.705;620.384;224.55;1001.97;109860.3;2506.83;282652.8;55.0263;87377.05;86393.02;984.192;1873.24;990.403;882.837
609;218.284;147.933;214.485;620.275;224.467;1002.89;109711.4;2440.66;282166.3;55.0718;87497.48;86519.89;976.136;1871;989.845;881.157
610;218.227;147.939;214.316;620.165;224.385;1003.82;109561.5;2374.63;281679.8;55.1174;87615.84;86646.76;968.08;1868.76;989.287;879.477
611;218.171;147.946;214.193;620.056;224.302;1004.75;109412.7;2308.46;281193.3;55.163;87736.27;86773.63;962.709;1866.54;988.73;877.812
612;218.115;147.952;214.111;619.945;224.219;1005.68;109262.7;2242.28;280706.8;55.2086;87854.62;86900.49;954.653;1864.3;988.172;876.132
613;218.058;147.959;214.027;619.835;224.136;1006.6;109113.9;2176.26;280220.4;55.2541;87975.05;87027.36;946.597;1862.06;987.615;874.452
614;218.001;147.965;213.936;619.726;224.054;1007.53;108965;2110.08;279733.9;55.2997;88095.48;87154.23;938.541;1859.81;987.057;872.772
615;217.945;147.972;213.853;619.616;223.971;1008.45;108815.1;2043.91;279247.4;55.3453;88213.84;87282.48;933.171;1857.57;986.5;871.092
616;217.887;147.978;213.772;619.507;223.89;1009.38;108666.3;1977.89;278760.9;55.3908;88334.27;87409.35;925.115;1855.36;985.942;869.397
617;217.831;147.985;213.689;619.398;223.807;1010.3;108516.4;1911.71;278274.4;55.4364;88452.62;87536.22;917.059;1853.11;985.385;867.717
618;217.773;147.991;213.605;619.288;223.724;1011.22;108367.5;1845.69;277787.9;55.4819;88573.05;87663.09;911.688;1850.87;984.827;866.037
619;217.716;147.997;213.522;619.177;223.641;1012.15;108218.7;1779.51;277301.4;55.5275;88693.48;87789.95;903.632;1848.63;984.269;864.357
620;217.659;148.003;213.438;619.067;223.559;1013.07;108068.7;1713.49;276814.9;55.5731;88811.84;87916.82;895.576;1846.39;983.712;862.677
621;217.601;148.01;213.355;618.958;223.476;1014;107919.9;1647.31;276328.5;55.6187;88932.27;88043.69;887.52;1844.14;983.154;860.997
622;217.544;148.02;213.272;618.848;223.393;1014.92;107771;1581.29;275842;55.6642;89052.7;88170.56;882.15;1841.9;982.597;859.301
623;217.486;148.033;213.188;618.739;223.311;1015.85;107621.1;1515.12;275355.5;55.7098;89171.05;88297.43;874.094;1839.66;982.039;857.621
624;217.428;148.036;213.105;618.63;223.229;1016.78;107472.3;1449.09;274869;55.7553;89291.48;88424.3;866.038;1837.42;981.481;855.941
625;217.37;148.026;213.022;618.52;223.146;1017.7;107322.3;1382.92;274382.5;55.8009;89409.84;88551.17;857.982;1835.17;980.924;854.246
626;217.312;148.006;212.938;618.411;223.063;1018.63;107173.5;1316.74;273896;55.8465;89530.27;88678.04;852.611;1832.93;980.355;852.566
627;217.254;147.978;212.856;618.299;222.98;1019.55;107024.6;1250.72;273409.5;55.892;89650.7;88806.28;844.556;1830.69;979.797;850.87
628;217.195;147.952;212.773;618.19;222.897;1020.47;106874.7;1184.54;272921.2;55.9376;89769.05;88933.15;836.5;1828.42;979.24;849.191
629;217.136;147.925;212.69;618.08;222.815;1021.4;106725.9;1118.52;272434.7;55.9832;89889.48;89060.02;828.444;1826.18;978.682;847.495
630;217.077;147.897;212.608;617.971;222.732;1022.32;106576;1052.35;271948.3;56.0287;90007.84;89186.89;823.073;1823.93;978.125;845.815
631;217.018;147.869;212.525;617.862;222.65;1023.25;106427.1;986.17;271461.8;56.0743;90128.27;89313.76;815.017;1821.69;977.567;844.12
632;216.958;147.841;212.443;617.752;222.567;1024.18;106278.2;920.146;270975.3;56.1199;90248.7;89440.63;806.961;1819.45;977.009;842.424
633;216.898;147.813;212.36;617.643;222.485;1025.1;106128.3;854.122;270488.8;56.1654;90367.06;89566.12;801.591;1817.18;976.44;840.729
634;216.838;147.785;212.277;617.535;222.403;1026.03;105978.4;788.4;270002.3;56.211;90483.33;89690.23;793.535;1814.88;975.871;839.018
635;216.778;147.757;212.195;617.424;222.32;1026.95;105829.6;721.923;269515.8;56.2566;90605.84;89819.85;785.479;1812.67;975.325;837.338
636;216.717;147.729;212.112;617.312;222.237;1027.87;105680.7;655.598;269029.3;56.3025;90728.35;89949.48;777.423;1810.45;974.779;835.673
637;216.656;147.704;212.029;617.176;222.149;1028.7;105536.1;585.203;268548.3;56.3504;90877.85;90110.82;766.682;1808.64;974.477;834.178
638;216.594;147.679;211.946;617.029;222.058;1029.5;105392.6;513.451;268067.2;56.3994;91039.81;90285.96;755.94;1806.99;974.245;832.745
639;216.534;147.649;211.867;616.955;221.983;1030.55;105237.3;452.702;267575.3;56.4419;91120.79;90367.32;753.255;1804.16;973.374;830.788
640;216.472;147.61;211.791;616.959;221.922;1031.86;105070.4;404.014;267068.9;56.4769;91110.4;90350.77;758.626;1800.08;971.782;828.291
641;216.391;147.566;211.726;617.015;221.872;1033.37;104893.9;363.766;266551.5;56.5072;91035.65;90263.89;772.052;1795.08;969.703;825.393
642;216.3;147.517;211.658;617.137;221.834;1035.08;104706.8;333.015;266025.1;56.532;90890.31;90098.41;793.535;1789.08;967.055;822.033
643;216.213;147.461;211.576;617.316;221.808;1036.99;104511.1;311.309;265486;56.5514;90680.59;89858.47;820.388;1782.14;963.872;818.272
644;216.125;147.4;211.481;617.559;221.793;1039.13;104304.9;299.25;264937.8;56.5647;90394.05;89537.16;857.982;1774.12;960.097;814.034
645;216.037;147.331;211.37;617.889;221.795;1041.57;104083.7;300.908;264373.2;56.5704;90007.84;89104.15;903.632;1764.69;955.532;809.163
646;215.95;147.26;211.257;618.237;221.801;1044.06;103860.4;304.978;263805;56.5742;89602.94;88650.46;951.968;1754.96;950.804;804.17
647;215.862;147.192;211.149;618.549;221.8;1046.44;103642.5;304.073;263242.3;56.5813;89235.42;88238.13;997.618;1745.78;946.378;799.407
648;215.773;147.124;211.042;618.862;221.798;1048.82;103424.5;302.717;262681.4;56.5885;88872.05;87828.57;1043.27;1736.62;941.953;794.644
649;215.685;147.057;210.936;619.171;221.796;1051.17;103207.6;300.908;262120.5;56.5959;88510.76;87424.52;1086.23;1727.48;937.573;789.913
650;215.597;146.99;210.83;619.478;221.793;1053.53;102990.7;298.797;261559.6;56.6034;88151.55;87021.85;1131.88;1718.38;933.194;785.196
651;215.508;146.923;210.724;619.786;221.792;1055.89;102773.8;296.988;260998.7;56.6109;87790.25;86616.42;1174.85;1709.25;928.792;780.434
652;215.419;146.855;210.617;620.095;221.79;1058.26;102556.9;295.33;260437.7;56.6184;87428.96;86210.99;1217.81;1700.09;924.389;775.687
653;215.331;146.788;210.511;620.404;221.788;1060.62;102340;293.522;259876.8;56.6259;87067.67;85805.56;1263.46;1690.9;919.987;770.924
654;215.242;146.72;210.404;620.713;221.786;1062.98;102122.1;291.863;259315.9;56.6333;86706.38;85400.13;1306.43;1681.72;915.573;766.162
655;215.153;146.653;210.297;621.021;221.785;1065.35;101905.2;290.055;258755;56.6408;86345.08;84994.71;1352.08;1672.53;911.147;761.384
656;215.064;146.585;210.19;621.33;221.783;1067.71;101688.3;288.396;258194.1;56.6483;85983.79;84587.9;1395.04;1663.32;906.722;756.606
657;214.975;146.518;210.083;621.639;221.782;1070.07;101470.3;286.587;257633.2;56.6558;85622.5;84182.47;1440.69;1654.11;902.296;751.827
658;214.886;146.45;209.977;621.948;221.78;1072.43;101253.4;284.929;257072.3;56.6633;85261.21;83777.04;1483.66;1644.89;897.859;747.034
659;214.797;146.383;209.87;622.256;221.778;1074.8;101036.5;283.12;256511.4;56.6707;84899.92;83371.61;1529.31;1635.65;893.421;742.241
660;214.707;146.315;209.764;622.565;221.776;1077.16;100819.6;281.312;255950.4;56.6782;84538.62;82966.19;1572.27;1626.42;888.984;737.447
661;214.618;146.248;209.657;622.876;221.774;1079.53;100601.6;279.654;255389.5;56.6857;84177.33;82560.76;1617.93;1617.18;884.535;732.639
662;214.528;146.18;209.55;623.185;221.772;1081.89;100384.7;277.845;254828.6;56.6932;83816.04;82155.33;1660.89;1607.91;880.075;727.83
663;214.439;146.113;209.443;623.494;221.77;1084.25;100167.8;276.187;254267.7;56.7007;83454.75;81748.52;1706.54;1598.61;875.626;723.005
664;214.349;146.045;209.336;623.802;221.768;1086.61;99949.87;274.378;253706.8;56.7078;83093.45;81343.09;1749.51;1589.35;871.165;718.181
665;214.26;145.978;209.229;624.111;221.767;1088.98;99732.97;272.719;253144.1;56.7153;82732.16;80937.67;1795.16;1580.05;866.693;713.357
666;214.17;145.91;209.122;624.422;221.765;1091.34;99516.07;270.911;252583.1;56.7228;82370.87;80532.24;1838.12;1570.73;862.233;708.517
667;214.08;145.843;209.015;624.731;221.763;1093.7;99299.17;269.253;252022.2;56.7303;82009.58;80126.81;1881.09;1561.44;857.749;703.678
668;213.991;145.775;208.908;625.039;221.761;1096.07;99081.2;267.444;251461.3;56.7377;81648.29;79721.38;1926.73;1552.09;853.265;698.823
