#;OMEGA;insol;kat;lat;location;name;sollon;zachSlonca
0;90.0;0.03106368646950627;0.0;-90.0;{10.927503919328075,61.14189983475834,0.0};'xxx0';0.0;0.0
1;90.0;30.90621765645223;0.0;-80.0;{82.68368654931865,51.85360111788909,0.0};'xxx1';0.0;0.0
2;90.0;60.8733655287139;0.0;-70.0;{47.224757872095815,48.30390771598054,0.0};'xxx2';0.0;0.0
3;90.0;88.99090699279485;0.0;-60.0;{42.13892765922331,6.608013931769808,0.0};'xxx3';0.0;0.0
4;90.0;114.40450477947145;0.0;-50.0;{72.63424154008617,98.66228345897125,0.0};'xxx4';0.0;0.0
5;90.0;136.34197957989656;0.0;-40.0;{96.40705354381554,54.75121465281323,0.0};'xxx5';0.0;0.0
6;90.0;154.13677232315715;0.0;-30.0;{52.949063620140805,15.560393624878587,0.0};'xxx6';0.0;0.0
7;90.0;167.24819723634877;0.0;-20.0;{4.510158134322417,53.27682683442442,0.0};'xxx7';0.0;0.0
8;90.0;175.27787030818533;0.0;-10.0;{32.59442861470126,1.6335874883984247,0.0};'xxx8';0.0;0.0
9;90.0;177.98181398558964;0.0;0.0;{24.27630795431045,37.36141397576729,0.0};'xxx9';0.0;-0.0
10;90.0;175.27787030818533;0.0;10.0;{14.909656374325564,82.69753341353537,0.0};'xxx10';0.0;-0.0
11;90.0;167.24819723634877;0.0;20.0;{60.59367605601683,35.968210579287216,0.0};'xxx11';0.0;-0.0
12;90.0;154.13677232315715;0.0;30.0;{88.42618232570139,27.308104013330347,0.0};'xxx12';0.0;-0.0
13;90.0;136.34197957989656;0.0;40.0;{4.641888303949527,95.0943712947053,0.0};'xxx13';0.0;-0.0
14;90.0;114.40450477947145;0.0;50.0;{89.03581760420288,53.20883619454321,0.0};'xxx14';0.0;-0.0
15;90.0;88.99090699279485;0.0;60.0;{81.03442610517048,42.7595256165877,0.0};'xxx15';0.0;-0.0
16;90.0;60.8733655287139;0.0;70.0;{44.27069506678143,76.23450381057539,0.0};'xxx16';0.0;-0.0
17;90.0;30.90621765645223;0.0;80.0;{41.23346659803981,54.706873884470674,0.0};'xxx17';0.0;-0.0
18;90.0;0.03106368646950627;0.0;90.0;{89.30578370308385,86.3555657796176,0.0};'xxx18';0.0;-0.0
19;0.0;0.0;4.330090958302574;-90.0;{84.85972835943198,50.763334453074826,0.0};'xxx19';10.0;433.83535362764957
20;64.56916259175965;12.971593203117608;4.330090958302574;-80.0;{42.21896126121278,92.16798916678063,0.0};'xxx20';10.0;0.42942125923211344
21;77.99277593792822;41.429717329657365;4.330090958302574;-70.0;{19.776972633934044,51.738388085230206,0.0};'xxx21';10.0;0.2080350176026928
22;82.46404200706625;69.58843211177185;4.330090958302574;-60.0;{21.734239828370793,9.798610870363845,0.0};'xxx22';10.0;0.1311483827637335
23;84.82270891999464;95.88573882107926;4.330090958302574;-50.0;{61.8274338004575,1.7185868129082849,0.0};'xxx23';10.0;0.09023785886568728
24;86.35723548122647;119.38192867398756;4.330090958302574;-40.0;{89.6578187623301,94.87154445417197,0.0};'xxx24';10.0;0.06353541081223128
25;87.494451901251;139.3154625033099;4.330090958302574;-30.0;{32.145032245540875,65.07739105909775,0.0};'xxx25';10.0;0.04371612758791119
26;88.42076847966128;155.06017747903445;4.330090958302574;-20.0;{66.25433497755941,50.136060307200225,0.0};'xxx26';10.0;0.02755929987131828
27;89.23500848350307;166.12783750540638;4.330090958302574;-10.0;{22.13185642344948,19.097581890416272,0.0};'xxx27';10.0;0.013351224026728
28;90.0;172.177544028062;4.330090958302574;0.0;{78.74485102129984,51.721781906125486,0.0};'xxx28';10.0;-0.0
29;90.76499151649693;173.02411408913326;4.330090958302574;10.0;{42.0833493861133,83.61433171175435,0.0};'xxx29';10.0;-0.013351224026728
30;91.57923152033874;168.64319077217604;4.330090958302574;20.0;{45.68774224819742,37.73475891080318,0.0};'xxx30';10.0;-0.02755929987131828
31;92.505548098749;159.17249952029042;4.330090958302574;30.0;{72.7301313497021,12.959377727809585,0.0};'xxx31';10.0;-0.04371612758791119
32;93.64276451877355;144.90964339319163;4.330090958302574;40.0;{5.375561952727725,15.718338525327269,0.0};'xxx32';10.0;-0.06353541081223128
33;95.17729108000536;126.30848454841082;4.330090958302574;50.0;{38.31322071396832,23.910264553140102,0.0};'xxx33';10.0;-0.09023785886568728
34;97.53595799293376;103.98182911295801;4.330090958302574;60.0;{76.49833407371335,52.71004932604131,0.0};'xxx34';10.0;-0.1311483827637335
35;102.0072240620718;78.7487396407158;4.330090958302574;70.0;{46.13648909893622,53.38033688414041,0.0};'xxx35';10.0;-0.2080350176026928
36;115.43083740824035;52.082321215463246;4.330090958302574;80.0;{91.32975757710304,4.7154745299684215,0.0};'xxx36';10.0;-0.42942125923211344
37;180.0;39.7140734290811;4.330090958302574;90.0;{71.33520531317681,95.56845481537533,0.0};'xxx37';10.0;-433.83535362764957
38;0.0;0.0;8.528614293968875;-90.0;{63.51562900505664,95.82881400946069,0.0};'xxx38';20.0;859.2167131514964
39;31.73667944055799;1.9607561001779994;8.528614293968875;-80.0;{77.48097642822083,47.636857826459014,0.0};'xxx39';20.0;0.8504745402364505
40;65.66845190596982;25.682533542871344;8.528614293968875;-70.0;{69.24971879364342,83.75863172972593,0.0};'xxx40';20.0;0.41201613135109727
41;74.94529808282842;52.770820144885484;8.528614293968875;-60.0;{94.28035830440335,66.79387191191573,0.0};'xxx41';20.0;0.2597411239797303
42;79.7049458059414;79.24876552661009;8.528614293968875;-50.0;{8.634424987104627,26.674538290585314,0.0};'xxx42';20.0;0.17871728490562322
43;82.77115258985124;103.75186765368808;8.528614293968875;-40.0;{27.5723531867482,11.521146746976928,0.0};'xxx43';20.0;0.1258327298371107
44;85.03309125428441;125.35030157336392;8.528614293968875;-30.0;{12.542907287455652,15.260655322857463,0.0};'xxx44';20.0;0.08658037465991013
45;86.87115202157781;143.30877739604185;8.528614293968875;-20.0;{58.619694473787774,19.72124835044039,0.0};'xxx45';20.0;0.05458156153985094
46;88.4847924909045;157.0438488950495;8.528614293968875;-10.0;{60.24218840626758,27.166842817507952,0.0};'xxx46';20.0;0.02644227753425626
47;90.0;166.12050816668457;8.528614293968875;0.0;{92.55324004463571,62.50351575200739,0.0};'xxx47';20.0;-0.0
48;91.5152075090955;170.25773824517321;8.528614293968875;10.0;{61.424153366851165,60.96921821877809,0.0};'xxx48';20.0;-0.02644227753425626
49;93.12884797842219;169.33505875493637;8.528614293968875;20.0;{20.500888700479315,36.7167883514809,0.0};'xxx49';20.0;-0.05458156153985094
50;94.9669087457156;163.39817955187308;8.528614293968875;30.0;{28.635310732337594,99.68893789550253,0.0};'xxx50';20.0;-0.08658037465991013
51;97.22884741014877;152.66527673259014;8.528614293968875;40.0;{9.805072436165485,78.21801066121523,0.0};'xxx51';20.0;-0.1258327298371107
52;100.29505419405861;137.54149652242188;8.528614293968875;50.0;{32.39530359127891,65.07465029232445,0.0};'xxx52';20.0;-0.17871728490562322
53;105.0547019171716;118.67167792384441;8.528614293968875;60.0;{37.683537312121565,50.926227289970235,0.0};'xxx53';20.0;-0.2597411239797303
54;114.3315480940302;97.1891538888068;8.528614293968875;70.0;{42.76426808992903,43.187241620825176,0.0};'xxx54';20.0;-0.41201613135109727
55;148.26332055944204;76.90044653797457;8.528614293968875;80.0;{23.698025304623304,14.477655056096683,0.0};'xxx55';20.0;-0.8504745402364505
56;180.0;76.09575479801372;8.528614293968875;90.0;{66.51397867781162,36.776495248077545,0.0};'xxx56';20.0;-859.2167131514964
57;0.0;0.0;12.467999999999998;-90.0;{25.98805853648508,91.47498436845898,0.0};'xxx57';30.0;1266.8599781522369
58;0.0;0.0;12.467999999999998;-80.0;{27.08786667892649,70.9282441698062,0.0};'xxx58';30.0;1.253970204456453
59;52.591666363036154;13.68639111478752;12.467999999999998;-70.0;{46.51721333413123,59.36950470740703,0.0};'xxx59';30.0;0.6074913804310362
60;67.48212514968868;38.704333349868435;12.467999999999998;-60.0;{51.25312666798313,68.10700478089831,0.0};'xxx60';30.0;0.38297164104648856
61;74.72173177747514;64.76385946148066;12.467999999999998;-50.0;{99.90329729748554,20.36569297977614,0.0};'xxx61';30.0;0.26350718297892856
62;79.30783202354688;89.7912066293055;12.467999999999998;-40.0;{64.85284616697429,31.977071481766718,0.0};'xxx62';30.0;0.18553229579016683
63;82.66576745464724;112.61941373602099;12.467999999999998;-30.0;{21.36410341218359,81.27209201567736,0.0};'xxx63';30.0;0.1276572136821629
64;85.38401493954525;132.38414122489561;12.467999999999998;-20.0;{19.86607777610565,21.81098380865183,0.0};'xxx64';30.0;0.0804770144731793
65;87.76561773282633;148.40381718102228;12.467999999999998;-10.0;{16.36056886294821,2.9417627454564887,0.0};'xxx65';30.0;0.03898744359438084
66;90.0;160.15392819409635;12.467999999999998;0.0;{68.03159451082259,72.57052697174001,0.0};'xxx66';30.0;-0.0
67;92.23438226717367;167.2663019387116;12.467999999999998;10.0;{74.28555628676068,93.55927589781233,0.0};'xxx67';30.0;-0.03898744359438084
68;94.61598506045475;169.53598368578966;12.467999999999998;20.0;{28.386961735749505,80.741772852282,0.0};'xxx68';30.0;-0.0804770144731793
69;97.33423254535278;166.93177396668491;12.467999999999998;30.0;{67.06494965105892,26.532950434976843,0.0};'xxx69';30.0;-0.1276572136821629
70;100.69216797645313;159.61383104751093;12.467999999999998;40.0;{92.25258234048324,27.840505498754464,0.0};'xxx70';30.0;-0.18553229579016683
71;105.27826822252486;147.97522295623324;12.467999999999998;50.0;{17.122401641034322,5.84832176377007,0.0};'xxx71';30.0;-0.26350718297892856
72;112.51787485031133;132.77610074836167;12.467999999999998;60.0;{24.59825498403282,90.45567321524854,0.0};'xxx72';30.0;-0.38297164104648856
73;127.40833363696385;115.76023936722937;12.467999999999998;70.0;{63.74245378959165,69.96044746317871,0.0};'xxx73';30.0;-0.6074913804310362
74;180.0;106.97446687909952;12.467999999999998;80.0;{81.37954689988337,72.79237107690862,0.0};'xxx74';30.0;-1.253970204456453
75;180.0;108.62471880687876;12.467999999999998;90.0;{67.24421526199572,28.01803039220383,0.0};'xxx75';30.0;-1266.8599781522369
76;0.0;0.0;16.028551835143542;-90.0;{22.753831071623686,38.50618747436143,0.0};'xxx76';40.0;1646.0204100456456
77;0.0;0.0;16.028551835143542;-80.0;{28.620864532879843,80.07722303892577,0.0};'xxx77';40.0;1.6292728365568412
78;37.87907353348709;5.386245058817116;16.028551835143542;-70.0;{32.17253069615943,42.256056337771156,0.0};'xxx78';40.0;0.7893083911094456
79;60.159197704019206;27.42010805580729;16.028551835143542;-60.0;{1.7761557149257867,52.40795798817361,0.0};'xxx79';40.0;0.49759180059553754
80;69.97850549348051;52.59843699483585;16.028551835143542;-50.0;{57.82114012546149,74.00948625175582,0.0};'xxx80';40.0;0.3423726448518584
81;76.05085749041919;77.7667025293511;16.028551835143542;-40.0;{12.608192626983294,89.23980311755622,0.0};'xxx81';40.0;0.24106053617595782
82;80.45257420864299;101.45551265235002;16.028551835143542;-30.0;{98.29121240939253,52.47861566010255,0.0};'xxx82';40.0;0.1658639335318459
83;83.9980044453882;122.65569483669499;16.028551835143542;-20.0;{4.16915872322109,77.2625949004399,0.0};'xxx83';40.0;0.10456310140572898
84;87.09637917643163;140.58709380281624;16.028551835143542;-10.0;{85.83199513206799,58.06893213805737,0.0};'xxx84';40.0;0.05065605433795029
85;90.0;154.6418018290942;16.028551835143542;0.0;{76.82009047457858,42.76108915108775,0.0};'xxx85';40.0;-0.0
86;92.90362082356837;164.37418809585787;16.028551835143542;10.0;{3.33383170591679,91.04986759214952,0.0};'xxx86';40.0;-0.05065605433795029
87;96.00199555461181;169.50712459953465;16.028551835143542;20.0;{98.3904208533627,37.46920109293499,0.0};'xxx87';40.0;-0.10456310140572898
88;99.54742579135703;169.94772089961123;16.028551835143542;30.0;{68.82218482470358,3.2736653361271073,0.0};'xxx88';40.0;-0.1658639335318459
89;103.94914250958082;165.8185881721705;16.028551835143542;40.0;{15.158099127400703,85.38331991737147,0.0};'xxx89';40.0;-0.24106053617595782
90;110.0214945065195;157.53458804436042;16.028551835143542;50.0;{76.31681747124425,30.35642078917541,0.0};'xxx90';40.0;-0.3423726448518584
91;119.84080229598081;146.05209266265177;16.028551835143542;60.0;{56.77926221873235,12.073163827939215,0.0};'xxx91';40.0;-0.49759180059553754
92;142.12092646651294;134.1094904013833;16.028551835143542;70.0;{96.9991833476744,7.232235130471921,0.0};'xxx92';40.0;-0.7893083911094456
93;180.0;134.90331540565904;16.028551835143542;80.0;{96.63893052812126,67.25481028785089,0.0};'xxx93';40.0;-1.6292728365568412
94;180.0;136.98441440813045;16.028551835143542;90.0;{47.35487026688361,61.02400005383668,0.0};'xxx94';40.0;-1646.0204100456456
95;0.0;0.0;19.102084233614836;-90.0;{10.658658563578038,8.677918464045408,0.0};'xxx95';50.0;1984.2776520771092
96;0.0;0.0;19.102084233614836;-80.0;{41.13187156778368,32.94412706059531,0.0};'xxx96';50.0;1.9640884517503452
97;17.915487465669624;0.7172034753932741;19.102084233614836;-70.0;{63.76213568141398,29.644228223847268,0.0};'xxx97';50.0;0.9515112883879606
98;53.14106439480149;18.82052845812763;19.102084233614836;-60.0;{18.761795425890792,24.942147704008853,0.0};'xxx98';50.0;0.5998469300579049
99;65.62354042913863;42.82244250846987;19.102084233614836;-50.0;{39.57929640821851,27.861603113765334,0.0};'xxx99';50.0;0.4127302333044803
100;73.10621026024859;67.87072716011795;19.102084233614836;-40.0;{69.86083014409101,86.2000174663908,0.0};'xxx100';50.0;0.2905984833556311
101;78.46602465493328;92.13562364396226;19.102084233614836;-30.0;{84.43465477056276,50.237110868059176,0.0};'xxx101';50.0;0.19994897668596837
102;82.75855654772283;114.45346651564743;19.102084233614836;-20.0;{42.492379386872756,28.20415012530497,0.0};'xxx102';50.0;0.12605082177900026
103;86.4990048958794;133.94817986041122;19.102084233614836;-10.0;{36.580417702109166,0.6967721800741233,0.0};'xxx103';50.0;0.06106587497442457
104;90.0;149.93614922903888;19.102084233614836;0.0;{4.064033850111404,1.6311792329920194,0.0};'xxx104';50.0;-0.0
105;93.5009951041206;161.90475577167157;19.102084233614836;10.0;{92.3848852277625,59.58294969565628,0.0};'xxx105';50.0;-0.06106587497442457
106;97.24144345227718;169.51717192581455;19.102084233614836;20.0;{8.467409252060843,15.609673495912624,0.0};'xxx106';50.0;-0.12605082177900026
107;101.53397534506674;172.63337572772753;19.102084233614836;30.0;{58.38297378479381,93.53893072666833,0.0};'xxx107';50.0;-0.19994897668596837
108;106.89378973975143;171.35664245424422;19.102084233614836;40.0;{52.90959873492724,39.31947503510913,0.0};'xxx108';50.0;-0.2905984833556311
109;114.37645957086136;166.1521538431449;19.102084233614836;50.0;{16.871698802679656,33.82021707083553,0.0};'xxx109';50.0;-0.4127302333044803
110;126.85893560519852;158.24672496229257;19.102084233614836;60.0;{27.998758321178506,68.16185171750509,0.0};'xxx110';50.0;-0.5998469300579049
111;162.08451253433037;152.0034907213287;19.102084233614836;70.0;{5.350928315615622,54.971754572338405,0.0};'xxx111';50.0;-0.9515112883879606
112;180.0;158.54962070429332;19.102084233614836;80.0;{76.79074301554883,81.77032751573657,0.0};'xxx112';50.0;-1.9640884517503452
113;180.0;160.99550171542884;19.102084233614836;90.0;{63.72938578886463,78.95897129718664,0.0};'xxx113';50.0;-1984.2776520771092
114;0.0;0.0;21.59520946876876;-90.0;{89.34817015375886,29.656755416354752,0.0};'xxx114';60.0;2267.9462358201495
115;0.0;0.0;21.59520946876876;-80.0;{45.535855747058505,32.12922067250147,0.0};'xxx115';60.0;2.2448708255632366
116;0.0;0.0;21.59520946876876;-70.0;{81.15287902265908,34.520151398229096,0.0};'xxx116';60.0;1.0875375442448398
117;46.717194755215715;12.689081986199563;21.59520946876876;-60.0;{1.6415148490899756,35.92397028369666,0.0};'xxx117';60.0;0.6855999137363826
118;61.85312787741918;35.42169324386365;21.59520946876876;-50.0;{68.95565485532516,3.715532475275618,0.0};'xxx118';60.0;0.4717333675820148
119;70.60116862964746;60.2276163788819;21.59520946876876;-40.0;{46.63886212751231,87.83902107179694,0.0};'xxx119';60.0;0.3321418934348996
120;76.78926337166352;84.8786836601724;21.59520946876876;-30.0;{34.38848915685851,38.61230131281541,0.0};'xxx120';60.0;0.22853330457879426
121;81.71652448976593;108.0571118514145;21.59520946876876;-20.0;{96.16980094203038,94.00400812486131,0.0};'xxx121';60.0;0.14407080908081052
122;85.99774488047973;128.79799347327378;21.59520946876876;-10.0;{10.343992086529386,38.53920812666022,0.0};'xxx122';60.0;0.06979573707355757
123;90.0;146.351669640702;21.59520946876876;0.0;{41.03435678574555,16.382584736896344,0.0};'xxx123';60.0;-0.0
124;94.00225511952029;160.14975138468557;21.59520946876876;10.0;{96.7839579215837,68.1120762504634,0.0};'xxx124';60.0;-0.06979573707355757
125;98.28347551023408;169.8080203748549;21.59520946876876;20.0;{78.77535455675184,59.88892956279182,0.0};'xxx125';60.0;-0.14407080908081052
126;103.21073662833649;175.15247268762405;21.59520946876876;30.0;{29.917692443404743,72.17562223041183,0.0};'xxx126';60.0;-0.22853330457879426
127;109.39883137035255;176.28136251148712;21.59520946876876;40.0;{20.589321629380887,55.67838971265371,0.0};'xxx127';60.0;-0.3321418934348996
128;118.14687212258085;173.7291621314123;21.59520946876876;50.0;{23.090180215586898,12.572743126570273,0.0};'xxx128';60.0;-0.4717333675820148
129;133.2828052447843;169.04787117349966;21.59520946876876;60.0;{66.32581545712486,65.03643688922999,0.0};'xxx129';60.0;-0.6855999137363826
130;180.0;169.65922679896047;21.59520946876876;70.0;{23.170313037865665,45.513677712262144,0.0};'xxx130';60.0;-1.0875375442448398
131;180.0;177.80465465604559;21.59520946876876;80.0;{81.83829436020163,37.394394619335316,0.0};'xxx131';60.0;-2.2448708255632366
132;180.0;180.5475753050065;21.59520946876876;90.0;{20.036699260797587,1.2632905475725154,0.0};'xxx132';60.0;-2267.9462358201495
133;0.0;0.0;23.43217519191741;-90.0;{92.22995752050696,62.93520529641848,0.0};'xxx133';70.0;2483.230727647687
134;0.0;0.0;23.43217519191741;-80.0;{26.368236040674464,21.76936514368073,0.0};'xxx134';70.0;2.4579648871713937
135;0.0;0.0;23.43217519191741;-70.0;{63.44963518831126,84.76185744555498,0.0};'xxx135';70.0;1.1907718995651948
136;41.35064991139876;8.714981365872369;23.43217519191741;-60.0;{91.35500626480922,31.442383222414005,0.0};'xxx136';70.0;0.7506803934649354
137;58.901387421749746;30.324112054079084;23.43217519191741;-50.0;{31.800789146095287,11.573324145009556,0.0};'xxx137';70.0;0.516512594141264
138;68.67421915486514;54.909639140368164;23.43217519191741;-40.0;{56.10076518170428,18.906358866584615,0.0};'xxx138';70.0;0.3636704180592545
139;75.50906668630816;79.85119873126244;23.43217519191741;-30.0;{99.03772243698691,84.02335821477236,0.0};'xxx139';70.0;0.2502267978216452
140;80.923868590125;103.69243149761603;23.43217519191741;-20.0;{14.769464926626274,71.02009171509056,0.0};'xxx140';70.0;0.15774671128266682
141;85.61712097322018;125.39265835128043;23.43217519191741;-10.0;{99.3635796687904,79.44232077313588,0.0};'xxx141';70.0;0.0764210880410048
142;90.0;144.14835325664765;23.43217519191741;0.0;{26.0757483147815,15.488337568061672,0.0};'xxx142';70.0;-0.0
143;94.38287902677982;159.3474489511618;23.43217519191741;10.0;{17.968527354414743,88.18937192609488,0.0};'xxx143';70.0;-0.0764210880410048
144;99.07613140987502;170.57031356695447;23.43217519191741;20.0;{3.0749502255890238,84.85834857026403,0.0};'xxx144';70.0;-0.15774671128266682
145;104.49093331369184;177.6201216652223;23.43217519191741;30.0;{4.462125042145237,68.58109081421576,0.0};'xxx145';70.0;-0.2502267978216452
146;111.32578084513486;180.59894368906325;23.43217519191741;40.0;{8.356400101312788,98.42848243669525,0.0};'xxx146';70.0;-0.3636704180592545
147;121.09861257825024;180.11479230065424;23.43217519191741;50.0;{72.32269977930055,79.99004347129117,0.0};'xxx147';70.0;-0.516512594141264
148;138.64935008860124;178.05572328877687;23.43217519191741;60.0;{70.11444043766453,71.31498817977125,0.0};'xxx148';70.0;-0.7506803934649354
149;180.0;183.74547084645647;23.43217519191741;70.0;{79.44528499816396,84.56612317138918,0.0};'xxx149';70.0;-1.1907718995651948
150;180.0;192.5671866180335;23.43217519191741;80.0;{34.951610968916604,80.47988140405202,0.0};'xxx150';70.0;-2.4579648871713937
151;180.0;195.53784288970803;23.43217519191741;90.0;{92.60467608948896,40.34002824182959,0.0};'xxx151';70.0;-2483.230727647687
152;0.0;0.0;24.55716612911242;-90.0;{23.556843727442068,43.16686302475479,0.0};'xxx152';80.0;2618.026097607952
153;0.0;0.0;24.55716612911242;-80.0;{29.472048932329976,93.83207831793652,0.0};'xxx153';80.0;2.5913887702712386
154;0.0;0.0;24.55716612911242;-70.0;{93.4800573944351,21.078822276020727,0.0};'xxx154';80.0;1.2554096865227626
155;37.6807431301143;6.550035696737425;24.55716612911242;-60.0;{90.24462548420806,33.446897779554355,0.0};'xxx155';80.0;0.791429019934646
156;57.006078070396256;27.440988102943006;24.55716612911242;-50.0;{94.39204101813192,12.159535499311403,0.0};'xxx156';80.0;0.5445500638138309
157;67.45485472155532;51.96106345598477;24.55716612911242;-40.0;{51.23896159132046,99.78794686730527,0.0};'xxx157';80.0;0.3834112693624026
158;74.70376460963547;77.17844588105606;24.55716612911242;-30.0;{3.9179174360788105,21.671071268365203,0.0};'xxx158';80.0;0.26380967331154875
159;80.42668214475981;101.532729621746;24.55716612911242;-20.0;{61.945103147323465,24.940631351458762,0.0};'xxx159';80.0;0.16630955889510138
160;85.37870455348875;123.92741846636414;24.55716612911242;-10.0;{7.301032217363201,19.768353907215207,0.0};'xxx160';80.0;0.08056939722571407
161;90.0;143.52015927173534;24.55716612911242;0.0;{33.80069429199989,33.21499966925053,0.0};'xxx161';80.0;-0.0
162;94.62129544651125;159.66833689328368;24.55716612911242;10.0;{77.37680256884326,32.49206655056975,0.0};'xxx162';80.0;-0.08056939722571407
163;99.57331785524019;171.92859675496052;24.55716612911242;20.0;{68.71131999623643,21.4686159371263,0.0};'xxx163';80.0;-0.16630955889510138
164;105.29623539036453;180.09031891975033;24.55716612911242;30.0;{2.171754652961877,24.23445813334879,0.0};'xxx164';80.0;-0.26380967331154875
165;112.54514527844468;184.2620172137986;24.55716612911242;40.0;{4.675505840098937,7.847504785428983,0.0};'xxx165';80.0;-0.3834112693624026
166;122.99392192960373;185.1111250474581;24.55716612911242;50.0;{45.155059394382356,5.460995673580671,0.0};'xxx166';80.0;-0.5445500638138309
167;142.31925686988572;184.79862850183363;24.55716612911242;60.0;{94.55675989431644,49.6570219939216,0.0};'xxx167';80.0;-0.791429019934646
168;180.0;193.41105537143463;24.55716612911242;70.0;{32.650654137840796,41.67730700812818,0.0};'xxx168';80.0;-1.2554096865227626
169;180.0;202.6968208910283;24.55716612911242;80.0;{50.05290518964579,72.65435194907606,0.0};'xxx169';80.0;-2.5913887702712386
170;180.0;205.82374294251372;24.55716612911242;90.0;{29.89026873434012,1.5159319717040542,0.0};'xxx170';80.0;-2618.026097607952
171;0.0;0.0;24.936;-90.0;{98.81824054633907,3.6673167277959884,0.0};'xxx171';90.0;2663.958468599075
172;0.0;0.0;24.936;-80.0;{45.59046893197972,39.32265957736529,0.0};'xxx172';90.0;2.636853798479736
173;0.0;0.0;24.936;-70.0;{81.78383155590726,16.55137575694352,0.0};'xxx173';90.0;1.2774354193907043
174;36.35937323803475;5.913807871632166;24.936;-60.0;{99.85533906269364,12.718360223713997,0.0};'xxx174';90.0;0.8053143709592188
175;56.35097675951426;26.718021281561775;24.936;-50.0;{62.629046260280305,50.565871698399434,0.0};'xxx175';90.0;0.5541040081298136
176;67.03690804293642;51.424573114809995;24.936;-40.0;{0.04094757276541516,89.02288567030492,0.0};'xxx176';90.0;0.39013808873315753
177;74.42865277201037;76.95622847924234;24.936;-30.0;{45.46779181643238,75.21610440845924,0.0};'xxx177';90.0;0.26843812365307296
178;80.25709830892359;101.70077986142626;24.936;-20.0;{89.78656000325908,84.63827402856099,0.0};'xxx178';90.0;0.16922740313107726
179;85.29744454371094;124.53208744734845;24.936;-10.0;{91.66070764913631,69.88122394660307,0.0};'xxx179';90.0;0.08198295969832804
180;90.0;144.586685612238;24.936;0.0;{46.73261323822538,80.88630428656911,0.0};'xxx180';90.0;-0.0
181;94.70255545628906;161.20566069287665;24.936;10.0;{99.09408768428708,54.89018433604441,0.0};'xxx181';90.0;-0.08198295969832804
182;99.74290169107641;173.93361838714077;24.936;20.0;{48.01211779096961,43.55279071765822,0.0};'xxx182';90.0;-0.16922740313107726
183;105.57134722798965;182.55357403811925;24.936;30.0;{69.03044053583409,0.6168774069249539,0.0};'xxx183';90.0;-0.26843812365307296
184;112.96309195706358;187.17790379687798;24.936;40.0;{57.71886399287547,75.43744640599114,0.0};'xxx184';90.0;-0.39013808873315753
185;123.64902324048576;188.5025408285461;24.936;50.0;{0.8285633565890738,92.88879349964412,0.0};'xxx185';90.0;-0.5541040081298136
186;143.64062676196525;188.8137755240147;24.936;60.0;{43.222752599458644,39.193078533246414,0.0};'xxx186';90.0;-0.8053143709592188
187;180.0;198.45809279251253;24.936;70.0;{24.56404908286145,66.23529417250307,0.0};'xxx187';90.0;-1.2774354193907043
188;180.0;207.9861692077825;24.936;80.0;{90.30434868945743,80.5189904402485,0.0};'xxx188';90.0;-2.636853798479736
189;180.0;211.1946879010748;24.936;90.0;{42.22812176532743,95.8655267682604,0.0};'xxx189';90.0;-2663.958468599075
190;0.0;0.0;24.55716612911242;-90.0;{36.80628848456639,45.41770221969195,0.0};'xxx190';100.0;2618.026097607952
191;0.0;0.0;24.55716612911242;-80.0;{14.613999215059238,6.6815018814104565,0.0};'xxx191';100.0;2.5913887702712386
192;0.0;0.0;24.55716612911242;-70.0;{85.54905468128473,65.48656537167372,0.0};'xxx192';100.0;1.2554096865227626
193;37.6807431301143;6.7264206812309455;24.55716612911242;-60.0;{38.231233184537494,77.93138388014471,0.0};'xxx193';100.0;0.791429019934646
194;57.006078070396256;28.179942588860595;24.55716612911242;-50.0;{11.883696363693009,22.378306056143803,0.0};'xxx194';100.0;0.5445500638138309
195;67.45485472155532;53.36031558166644;24.55716612911242;-40.0;{10.88040089064225,2.064232084735429,0.0};'xxx195';100.0;0.3834112693624026
196;74.70376460963547;79.25677332998046;24.55716612911242;-30.0;{83.6024701620293,15.016315679873117,0.0};'xxx196';100.0;0.26380967331154875
197;80.42668214475981;104.26689013156381;24.55716612911242;-20.0;{56.031302856317886,96.5119048315081,0.0};'xxx197';100.0;0.16630955889510138
198;85.37870455348875;127.26464238338792;24.55716612911242;-10.0;{95.48654016560732,13.993102429050808,0.0};'xxx198';100.0;0.08056939722571407
199;90.0;147.3849933336721;24.55716612911242;0.0;{71.97352237377004,50.863921530660306,0.0};'xxx199';100.0;-0.0
200;94.62129544651125;163.96802294553774;24.55716612911242;10.0;{12.616023601129688,5.34961493868249,0.0};'xxx200';100.0;-0.08056939722571407
201;99.57331785524019;176.55843761028925;24.55716612911242;20.0;{88.21274518582763,63.67370454402737,0.0};'xxx201';100.0;-0.16630955889510138
202;105.29623539036453;184.93994563642846;24.55716612911242;30.0;{79.76267578288548,83.15007342815186,0.0};'xxx202';100.0;-0.26380967331154875
203;112.54514527844468;189.22398300357122;24.55716612911242;40.0;{82.86277345327018,91.92210411532513,0.0};'xxx203';100.0;-0.3834112693624026
204;122.99392192960373;190.09595634194054;24.55716612911242;50.0;{35.109142861118805,63.97572352329711,0.0};'xxx204';100.0;-0.5445500638138309
205;142.31925686988572;189.77504462105503;24.55716612911242;60.0;{59.52295780407777,38.999711214181396,0.0};'xxx205';100.0;-0.791429019934646
206;180.0;198.61939431522975;24.55716612911242;70.0;{75.73750401998605,46.983331492041536,0.0};'xxx206';100.0;-1.2554096865227626
207;180.0;208.1552149006301;24.55716612911242;80.0;{35.71988927433628,88.73984627839528,0.0};'xxx207';100.0;-2.5913887702712386
208;180.0;211.36634139360254;24.55716612911242;90.0;{57.25991083489072,19.649288785713182,0.0};'xxx208';100.0;-2618.026097607952
209;0.0;0.0;23.432175191917413;-90.0;{4.160298448237598,70.18242528015404,0.0};'xxx209';110.0;2483.2307276476877
210;0.0;0.0;23.432175191917413;-80.0;{70.0187934789969,62.13407817181501,0.0};'xxx210';110.0;2.4579648871713937
211;0.0;0.0;23.432175191917413;-70.0;{68.65081325616237,22.939369481735707,0.0};'xxx211';110.0;1.1907718995651948
212;41.35064991139876;9.181228461626253;23.432175191917413;-60.0;{60.89016847416372,24.026763563417287,0.0};'xxx212';110.0;0.7506803934649355
213;58.901387421749746;31.94643671353226;23.432175191917413;-50.0;{8.38558714283587,11.070321549756123,0.0};'xxx213';110.0;0.5165125941412642
214;68.67421915486514;57.84727706560172;23.432175191917413;-40.0;{87.04125906659303,78.29444237344215,0.0};'xxx214';110.0;0.36367041805925454
215;75.50906668630816;84.12319748122083;23.432175191917413;-30.0;{31.11224475799209,32.334489781949785,0.0};'xxx215';110.0;0.25022679782164525
216;80.923868590125;109.23992414364102;23.432175191917413;-20.0;{32.30116429268457,59.50917013622744,0.0};'xxx216';110.0;0.15774671128266685
217;85.61712097322018;132.10110215978779;23.432175191917413;-10.0;{6.367232011583013,31.5216156176348,0.0};'xxx217';110.0;0.0764210880410048
218;90.0;151.86021725750535;23.432175191917413;0.0;{89.50183809056811,98.31675459017613,0.0};'xxx218';110.0;-0.0
219;94.38287902677982;167.87245688522435;23.432175191917413;10.0;{76.50006211411366,95.4084311233813,0.0};'xxx219';110.0;-0.0764210880410048
220;99.07613140987502;179.6957390823607;23.432175191917413;20.0;{90.79439787053029,26.80767245197304,0.0};'xxx220';110.0;-0.15774671128266685
221;104.49093331369184;187.1227083486732;23.432175191917413;30.0;{33.47044680510236,37.33583039973949,0.0};'xxx221';110.0;-0.25022679782164525
222;111.32578084513486;190.2608958443466;23.432175191917413;40.0;{1.4239410960000254,99.36221802120842,0.0};'xxx222';110.0;-0.36367041805925454
223;121.09861257825027;189.75084260150163;23.432175191917413;50.0;{39.37519013494671,72.07719033228952,0.0};'xxx223';110.0;-0.5165125941412642
224;138.64935008860124;187.58161443879646;23.432175191917413;60.0;{33.7499610157363,32.147871010545906,0.0};'xxx224';110.0;-0.7506803934649355
225;180.0;193.57576061340592;23.432175191917413;70.0;{40.958112125370924,30.61075538018796,0.0};'xxx225';110.0;-1.1907718995651948
226;180.0;202.86943371746455;23.432175191917413;80.0;{23.698218153663042,42.524202480004725,0.0};'xxx226';110.0;-2.4579648871713937
227;180.0;205.99901859736022;23.432175191917413;90.0;{83.12168237600972,34.9232066861912,0.0};'xxx227';110.0;-2483.2307276476877
228;0.0;0.0;21.595209468768765;-90.0;{20.257068084609863,20.68400868173289,0.0};'xxx228';120.0;2267.94623582015
229;0.0;0.0;21.595209468768765;-80.0;{86.06483427012267,49.98337669295132,0.0};'xxx229';120.0;2.244870825563237
230;0.0;0.0;21.595209468768765;-70.0;{4.689638840973487,77.37918507474426,0.0};'xxx230';120.0;1.08753754424484
231;46.7171947552157;13.68652523994828;21.595209468768765;-60.0;{35.12461976679254,45.28830148053413,0.0};'xxx231';120.0;0.6855999137363828
232;61.85312787741917;38.206065588598605;21.595209468768765;-50.0;{40.54553624768125,81.22720803970624,0.0};'xxx232';120.0;0.4717333675820149
233;70.60116862964746;64.96189342995753;21.595209468768765;-40.0;{48.61353458200228,69.98914367687446,0.0};'xxx233';120.0;0.33214189343489964
234;76.78926337166352;91.55069275397348;21.595209468768765;-30.0;{3.1590093686897913,65.8888387469387,0.0};'xxx234';120.0;0.22853330457879434
235;81.71652448976593;116.55109410741892;21.595209468768765;-20.0;{32.61053200599658,29.881326909182427,0.0};'xxx235';120.0;0.14407080908081055
236;85.99774488047973;138.92234209250483;21.595209468768765;-10.0;{65.46303873760785,9.188269237791092,0.0};'xxx236';120.0;0.0697957370735576
237;90.0;157.85584982621447;21.595209468768765;0.0;{46.15090059844117,61.646267360087116,0.0};'xxx237';120.0;-0.0
238;94.00225511952029;172.73854931994376;21.595209468768765;10.0;{15.21736110245696,88.86018602609457,0.0};'xxx238';120.0;-0.0697957370735576
239;98.28347551023408;183.15602021751758;21.595209468768765;20.0;{79.98270005452514,3.211107124734369,0.0};'xxx239';120.0;-0.14407080908081055
240;103.21073662833649;188.92058077059525;21.595209468768765;30.0;{69.470068994923,98.95413242805503,0.0};'xxx240';120.0;-0.22853330457879434
241;109.39883137035255;190.13820857725818;21.595209468768765;40.0;{42.45776141181331,45.66921170759852,0.0};'xxx241';120.0;-0.33214189343489964
242;118.14687212258085;187.38538887309917;21.595209468768765;50.0;{13.432174009364605,82.17455528189197,0.0};'xxx242';120.0;-0.4717333675820149
243;133.28280524478433;182.3361184120292;21.595209468768765;60.0;{20.66287052585185,1.9655009121850031,0.0};'xxx243';120.0;-0.6855999137363828
244;180.0;182.99553051193948;21.595209468768765;70.0;{60.30807106444325,2.3791250725061275,0.0};'xxx244';120.0;-1.08753754424484
245;180.0;191.7812412573992;21.595209468768765;80.0;{0.46598589798145795,87.0184417926206,0.0};'xxx245';120.0;-2.244870825563237
246;180.0;194.73977306718723;21.595209468768765;90.0;{28.149084260350065,44.60659028201361,0.0};'xxx246';120.0;-2267.94623582015
247;0.0;0.0;19.102084233614836;-90.0;{40.15226985064271,57.72889471254816,0.0};'xxx247';130.0;1984.2776520771092
248;0.0;0.0;19.102084233614836;-80.0;{6.177519327085568,9.804912150603673,0.0};'xxx248';130.0;1.9640884517503452
249;17.915487465669624;0.7897715987188524;19.102084233614836;-70.0;{8.750137726637586,0.3289722938061068,0.0};'xxx249';130.0;0.9515112883879606
250;53.14106439480149;20.724828251785283;19.102084233614836;-60.0;{58.67700183589063,73.36831495147977,0.0};'xxx250';130.0;0.5998469300579049
251;65.62354042913863;47.15530535098904;19.102084233614836;-50.0;{20.596104228086553,83.82528701055053,0.0};'xxx251';130.0;0.4127302333044803
252;73.10621026024859;74.73802698190339;19.102084233614836;-40.0;{31.414027346977115,93.94336496271768,0.0};'xxx252';130.0;0.2905984833556311
253;78.46602465493328;101.45809561833164;19.102084233614836;-30.0;{84.43821707810281,85.76759507117502,0.0};'xxx253';130.0;0.19994897668596837
254;82.75855654772283;126.03410375195348;19.102084233614836;-20.0;{62.53755318466313,45.43033102517645,0.0};'xxx254';130.0;0.12605082177900026
255;86.4990048958794;147.50133230437694;19.102084233614836;-10.0;{52.74053939834029,70.09167445881955,0.0};'xxx255';130.0;0.06106587497442457
256;90.0;165.10699730984177;19.102084233614836;0.0;{61.163235655000584,37.57921090292565,0.0};'xxx256';130.0;-0.0
257;93.5009951041206;178.2866120885191;19.102084233614836;10.0;{65.92313207239138,24.385180662298367,0.0};'xxx257';130.0;-0.06106587497442457
258;97.24144345227718;186.66926817209992;19.102084233614836;20.0;{66.40084898662101,35.294485598936646,0.0};'xxx258';130.0;-0.12605082177900026
259;101.53397534506674;190.1007758864498;19.102084233614836;30.0;{71.82939634603208,36.97392638337451,0.0};'xxx259';130.0;-0.19994897668596837
260;106.89378973975143;188.69486011340703;19.102084233614836;40.0;{64.30302486407682,24.780127552354656,0.0};'xxx260';130.0;-0.2905984833556311
261;114.37645957086136;182.9637706361174;19.102084233614836;50.0;{45.08088558098091,26.09821711581255,0.0};'xxx261';130.0;-0.4127302333044803
262;126.85893560519852;174.25845419524913;19.102084233614836;60.0;{85.50193098552225,88.33418730099925,0.0};'xxx262';130.0;-0.5998469300579049
263;162.08451253433037;167.3835166679894;19.102084233614836;70.0;{79.32895743670765,36.434660639043116,0.0};'xxx263';130.0;-0.9515112883879606
264;180.0;174.59199755165002;19.102084233614836;80.0;{14.455240972929506,29.11947934587682,0.0};'xxx264';130.0;-1.9640884517503452
265;180.0;177.2853578360259;19.102084233614836;90.0;{66.81339568173856,80.98788110399411,0.0};'xxx265';130.0;-1984.2776520771092
266;0.0;0.0;16.02855183514355;-90.0;{56.05643591724101,68.92865235062159,0.0};'xxx266';140.0;1646.0204100456465
267;0.0;0.0;16.02855183514355;-80.0;{45.929679849617514,74.10633338577755,0.0};'xxx267';140.0;1.629272836556842
268;37.87907353348704;6.03408798477744;16.02855183514355;-70.0;{10.038273841544177,71.7110093321934,0.0};'xxx268';140.0;0.7893083911094461
269;60.15919770401919;30.718124176322206;16.02855183514355;-60.0;{51.08354032717634,22.52374863146317,0.0};'xxx269';140.0;0.4975918005955378
270;69.9785054934805;58.92483413265157;16.02855183514355;-50.0;{71.653506390393,75.13488199611163,0.0};'xxx270';140.0;0.34237264485185864
271;76.05085749041918;87.12027028550621;16.02855183514355;-40.0;{65.92186288075926,55.00460026293046,0.0};'xxx271';140.0;0.24106053617595796
272;80.45257420864299;113.65830614833304;16.02855183514355;-30.0;{85.89317750566275,99.35489991356246,0.0};'xxx272';140.0;0.16586393353184598
273;83.99800444538819;137.4083886634688;16.02855183514355;-20.0;{90.72625516174415,18.83376918365466,0.0};'xxx273';140.0;0.10456310140572905
274;87.09637917643163;157.49652759331636;16.02855183514355;-10.0;{51.738133686459186,3.474018456286443,0.0};'xxx274';140.0;0.05065605433795032
275;90.0;173.24169772665297;16.02855183514355;0.0;{5.576896027559986,57.08178930167552,0.0};'xxx275';140.0;-0.0
276;92.90362082356837;184.1446689792065;16.02855183514355;10.0;{5.700411991005727,5.014378035936651,0.0};'xxx276';140.0;-0.05065605433795032
277;96.00199555461181;189.894981143849;16.02855183514355;20.0;{14.268796519649063,66.07323154792195,0.0};'xxx277';140.0;-0.10456310140572905
278;99.54742579135703;190.38857117018424;16.02855183514355;30.0;{83.58127993944703,41.450223309336245,0.0};'xxx278';140.0;-0.16586393353184598
279;103.94914250958082;185.76279757352708;16.02855183514355;40.0;{53.50209645113225,49.34688603229961,0.0};'xxx279';140.0;-0.24106053617595796
280;110.0214945065195;176.48242041072282;16.02855183514355;50.0;{86.1210195590708,65.97831409433256,0.0};'xxx280';140.0;-0.34237264485185864
281;119.84080229598084;163.61884167239361;16.02855183514355;60.0;{55.73539884827889,37.78344392990266,0.0};'xxx281';140.0;-0.4975918005955378
282;142.12092646651297;150.23981564873884;16.02855183514355;70.0;{95.22224707437779,17.06007685734221,0.0};'xxx282';140.0;-0.7893083911094461
283;180.0;151.12911976840107;16.02855183514355;80.0;{91.93560671010259,11.281822049298018,0.0};'xxx283';140.0;-1.629272836556842
284;180.0;153.46052770636496;16.02855183514355;90.0;{74.26647735302471,85.59819602079948,0.0};'xxx284';140.0;-1646.0204100456465
285;0.0;0.0;12.467999999999998;-90.0;{49.14275699680811,43.53906622792072,0.0};'xxx285';150.0;1266.8599781522369
286;0.0;0.0;12.467999999999998;-80.0;{76.739101553137,6.326870919841799,0.0};'xxx286';150.0;1.253970204456453
287;52.591666363036154;15.535850561172657;12.467999999999998;-70.0;{89.4055154887884,9.565026427682465,0.0};'xxx287';150.0;0.6074913804310362
288;67.48212514968868;43.93449916418688;12.467999999999998;-60.0;{5.847018092844081,60.55024309537753,0.0};'xxx288';150.0;0.38297164104648856
289;74.72173177747514;73.51548219831592;12.467999999999998;-50.0;{56.125537700019144,3.610343934422655,0.0};'xxx289';150.0;0.26350718297892856
290;79.30783202354688;101.92480663460293;12.467999999999998;-40.0;{57.87944654431498,68.49722929936625,0.0};'xxx290';150.0;0.18553229579016683
291;82.66576745464724;127.83781841505997;12.467999999999998;-30.0;{50.007235478695065,80.85532044059104,0.0};'xxx291';150.0;0.1276572136821629
292;85.38401493954525;150.27337867883844;12.467999999999998;-20.0;{6.530617392700355,86.65683502793297,0.0};'xxx292';150.0;0.0804770144731793
293;87.76561773282633;168.45781383091384;12.467999999999998;-10.0;{80.74677244210322,10.178116122146985,0.0};'xxx293';150.0;0.03898744359438084
294;90.0;181.79573229643782;12.467999999999998;0.0;{25.284670151029953,87.37599293123974,0.0};'xxx294';150.0;-0.0
295;92.23438226717367;189.8692101551966;12.467999999999998;10.0;{50.249288160784076,37.63688106957732,0.0};'xxx295';150.0;-0.03898744359438084
296;94.61598506045475;192.44559688477997;12.467999999999998;20.0;{38.54267609806696,71.28764622446012,0.0};'xxx296';150.0;-0.0804770144731793
297;97.33423254535278;189.48947699264488;12.467999999999998;30.0;{58.44722175233176,11.894942246942964,0.0};'xxx297';150.0;-0.1276572136821629
298;100.69216797645313;181.18265113519575;12.467999999999998;40.0;{82.27799609239722,8.840379190598046,0.0};'xxx298';150.0;-0.18553229579016683
299;105.27826822252486;167.9713031231707;12.467999999999998;50.0;{77.98822194493984,8.129544870331518,0.0};'xxx299';150.0;-0.26350718297892856
300;112.51787485031133;150.71830419145348;12.467999999999998;60.0;{11.288666288129834,23.264592959695584,0.0};'xxx300';150.0;-0.38297164104648856
301;127.40833363696385;131.4030678103102;12.467999999999998;70.0;{61.78103422302,76.85172260695384,0.0};'xxx301';150.0;-0.6074913804310362
302;180.0;121.4300627065344;12.467999999999998;80.0;{77.4773303091237,44.67088320657052,0.0};'xxx302';150.0;-1.253970204456453
303;180.0;123.30331527715288;12.467999999999998;90.0;{47.85423436589484,15.706511706943127,0.0};'xxx303';150.0;-1266.8599781522369
304;0.0;0.0;8.528614293968879;-90.0;{50.62126421220081,17.385909510123042,0.0};'xxx304';160.0;859.2167131514967
305;31.73667944055795;2.2454983069052985;8.528614293968879;-80.0;{3.5351102905790466,94.3878127855929,0.0};'xxx305';160.0;0.8504745402364509
306;65.6684519059698;29.412166858652657;8.528614293968879;-70.0;{8.555174607819804,98.24693247684057,0.0};'xxx306';160.0;0.41201613135109744
307;74.9452980828284;60.434231100231024;8.528614293968879;-60.0;{66.17872624573812,88.20472172224876,0.0};'xxx307';160.0;0.2597411239797304
308;79.70494580594139;90.75731999415125;8.528614293968879;-50.0;{11.443898446858258,53.22297182311731,0.0};'xxx308';160.0;0.17871728490562327
309;82.77115258985124;118.81877768146207;8.528614293968879;-40.0;{50.3900384304062,31.077490513577487,0.0};'xxx309';160.0;0.12583272983711072
310;85.03309125428441;143.5537494579291;8.528614293968879;-30.0;{84.90529175325369,17.715011706827642,0.0};'xxx310';160.0;0.08658037465991017
311;86.87115202157781;164.12016618398818;8.528614293968879;-20.0;{28.35557934137123,70.00973598975865,0.0};'xxx311';160.0;0.05458156153985096
312;88.4847924909045;179.8498532131119;8.528614293968879;-10.0;{84.93125715219743,29.942116900148143,0.0};'xxx312';160.0;0.02644227753425627
313;90.0;190.24463052629358;8.528614293968879;0.0;{47.2678366008182,60.89085355226317,0.0};'xxx313';160.0;-0.0
314;91.5152075090955;194.98267170116517;8.528614293968879;10.0;{14.982602279352342,99.05184141338455,0.0};'xxx314';160.0;-0.02644227753425627
315;93.1288479784222;193.92600012791084;8.528614293968879;20.0;{47.248043314809905,29.561260015750214,0.0};'xxx315';160.0;-0.05458156153985096
316;94.9669087457156;187.12696367581484;8.528614293968879;30.0;{42.5694270409812,91.56485263846712,0.0};'xxx316';160.0;-0.08658037465991017
317;97.22884741014877;174.8354221084107;8.528614293968879;40.0;{68.38450404342706,3.4298471215877147,0.0};'xxx317';160.0;-0.12583272983711072
318;100.29505419405861;157.5153572350397;8.528614293968879;50.0;{29.552676457152106,1.7455364795411987,0.0};'xxx318';160.0;-0.17871728490562327
319;105.05470191717161;135.9052519746917;8.528614293968879;60.0;{13.61416962038441,43.649664197679996,0.0};'xxx319';160.0;-0.2597411239797304
320;114.33154809403021;111.30302258759438;8.528614293968879;70.0;{43.37398193285528,20.63606468675906,0.0};'xxx320';160.0;-0.41201613135109744
321;148.26332055944204;88.0679766777766;8.528614293968879;80.0;{71.64196575509814,69.63543392295917,0.0};'xxx321';160.0;-0.8504745402364509
322;180.0;87.1464271084555;8.528614293968879;90.0;{31.0446660184583,21.04457336243263,0.0};'xxx322';160.0;-859.2167131514967
323;0.0;0.0;4.3300909583025735;-90.0;{80.3150478385839,14.362067027598735,0.0};'xxx323';170.0;433.8353536276495
324;64.56916259175965;14.920987840003967;4.3300909583025735;-80.0;{56.08484023580035,24.55150911748558,0.0};'xxx324';170.0;0.4294212592321134
325;77.99277593792822;47.655850658502516;4.3300909583025735;-70.0;{0.37623553331270765,40.7169300732648,0.0};'xxx325';170.0;0.20803501760269275
326;82.46404200706625;80.04630835132387;4.3300909583025735;-60.0;{96.88483113077149,79.79928072354764,0.0};'xxx326';170.0;0.1311483827637335
327;84.82270891999465;110.29562217810383;4.3300909583025735;-50.0;{42.09326500036996,41.18610796782305,0.0};'xxx327';170.0;0.09023785886568726
328;86.35723548122647;137.32286220883566;4.3300909583025735;-40.0;{87.17932632798889,41.05281612560151,0.0};'xxx328';170.0;0.06353541081223127
329;87.494451901251;160.25204378416768;4.3300909583025735;-30.0;{81.55500952722697,67.46913245592218,0.0};'xxx329';170.0;0.04371612758791117
330;88.42076847966128;178.36290318427987;4.3300909583025735;-20.0;{79.56750802444115,4.958992823722996,0.0};'xxx330';170.0;0.02755929987131827
331;89.23500848350307;191.09383130428162;4.3300909583025735;-10.0;{80.63377329409498,47.39752428770504,0.0};'xxx331';170.0;0.013351224026728
332;90.0;198.0526987345709;4.3300909583025735;0.0;{49.62066244653512,72.40261347022076,0.0};'xxx332';170.0;-0.0
333;90.76499151649693;199.02649288530947;4.3300909583025735;10.0;{48.29366558237786,61.11097749411074,0.0};'xxx333';170.0;-0.013351224026728
334;91.57923152033874;193.9871964383165;4.3300909583025735;20.0;{80.69914511308409,14.903513043947248,0.0};'xxx334';170.0;-0.02755929987131827
335;92.505548098749;183.09323246696297;4.3300909583025735;30.0;{32.14068424672449,50.909948237914094,0.0};'xxx335';170.0;-0.04371612758791117
336;93.64276451877355;166.68692836046216;4.3300909583025735;40.0;{90.63696505013527,92.17143923007296,0.0};'xxx336';170.0;-0.06353541081223127
337;95.17729108000536;145.29035350747873;4.3300909583025735;50.0;{85.24259733499848,61.49056044697632,0.0};'xxx337';170.0;-0.09023785886568726
338;97.53595799293376;119.6084076551926;4.3300909583025735;60.0;{44.68981451331076,63.85564871102433,0.0};'xxx338';170.0;-0.1311483827637335
339;102.0072240620718;90.58324356890525;4.3300909583025735;70.0;{38.9898865140454,98.40426684632827,0.0};'xxx339';170.0;-0.20803501760269275
340;115.43083740824035;59.90934724566704;4.3300909583025735;80.0;{60.916576728490135,75.42199107764094,0.0};'xxx340';170.0;-0.4294212592321134
341;180.0;45.68237666980826;4.3300909583025735;90.0;{74.67403943655067,50.49094030588142,0.0};'xxx341';170.0;-433.8353536276495
342;89.9999999999825;0.03573276918093974;0.00000000000000305;-90.0;{54.58320191225601,19.804844414523714,0.0};'xxx342';180.0;0.00000000000030538
343;89.99999999999999;35.55163173754365;0.00000000000000305;-80.0;{98.00815707491412,19.282338414677767,0.0};'xxx343';180.0;0.0000000000000003
344;90.0;70.02304513473574;0.00000000000000305;-70.0;{92.37398136919452,99.19830595660358,0.0};'xxx344';180.0;0.00000000000000015
345;90.0;102.36684373887941;0.00000000000000305;-60.0;{9.29346161134278,73.62738561752208,0.0};'xxx345';180.0;0.00000000000000009
346;90.0;131.60027759613953;0.00000000000000305;-50.0;{73.31744192446897,97.76034891458235,0.0};'xxx346';180.0;0.00000000000000006
347;90.0;156.83510361159463;0.00000000000000305;-40.0;{85.77059657524923,67.30011429919497,0.0};'xxx347';180.0;0.00000000000000004
348;90.0;177.30457436620316;0.00000000000000305;-30.0;{28.87576249442262,50.15799610776695,0.0};'xxx348';180.0;0.00000000000000003
349;90.0;192.38673534913832;0.00000000000000305;-20.0;{51.90023911890103,64.22641842896456,0.0};'xxx349';180.0;0.00000000000000002
350;90.0;201.6233227308753;0.00000000000000305;-10.0;{60.163410921419825,42.80107437823069,0.0};'xxx350';180.0;0.00000000000000001
351;90.0;204.73368747775882;0.00000000000000305;0.0;{56.0259009015394,95.90673257872855,0.0};'xxx351';180.0;-0.0
352;90.0;201.6233227308753;0.00000000000000305;10.0;{31.391704988639958,23.14373679801959,0.0};'xxx352';180.0;-0.00000000000000001
353;90.0;192.38673534913832;0.00000000000000305;20.0;{66.95251851173511,36.83308815198193,0.0};'xxx353';180.0;-0.00000000000000002
354;90.0;177.30457436620316;0.00000000000000305;30.0;{24.210554521950456,71.78612052600148,0.0};'xxx354';180.0;-0.00000000000000003
355;90.0;156.83510361159463;0.00000000000000305;40.0;{56.321157872340066,37.06116088123853,0.0};'xxx355';180.0;-0.00000000000000004
356;90.00000000000001;131.6002775961396;0.00000000000000305;50.0;{18.75727711593531,35.97947753714232,0.0};'xxx356';180.0;-0.00000000000000006
357;90.00000000000001;102.36684373887944;0.00000000000000305;60.0;{0.6785569238400901,91.26496831101997,0.0};'xxx357';180.0;-0.00000000000000009
358;90.00000000000001;70.02304513473577;0.00000000000000305;70.0;{80.52917341022301,18.344990424165488,0.0};'xxx358';180.0;-0.00000000000000015
359;90.00000000000003;35.55163173754369;0.00000000000000305;80.0;{53.94241363360837,50.77291564984415,0.0};'xxx359';180.0;-0.0000000000000003
360;90.00000000001751;0.03573276918097295;0.00000000000000305;90.0;{36.24018824174195,55.881123733909845,0.0};'xxx360';180.0;-0.00000000000030538
361;180.0;48.41799569357818;-4.330090958302578;-90.0;{57.47227629481546,79.92903926541798,0.0};'xxx361';190.0;-433.83535362764997
362;115.4308374082404;63.496926569997555;-4.330090958302578;-80.0;{72.13603169154247,25.89092002937756,0.0};'xxx362';190.0;-0.42942125923211383
363;102.00722406207181;96.00768210311249;-4.330090958302578;-70.0;{94.7582314675857,11.251218328943335,0.0};'xxx363';190.0;-0.20803501760269297
364;97.53595799293376;126.7709735993725;-4.330090958302578;-60.0;{31.585052064701415,52.344874816273936,0.0};'xxx364';190.0;-0.13114838276373364
365;95.17729108000536;153.99084336811225;-4.330090958302578;-50.0;{73.15822087298626,38.45370830964381,0.0};'xxx365';190.0;-0.09023785886568736
366;93.64276451877355;176.66871927148566;-4.330090958302578;-40.0;{20.705936343065424,45.861041202850586,0.0};'xxx366';190.0;-0.06353541081223134
367;92.505548098749;194.05748972267563;-4.330090958302578;-30.0;{19.171295049662618,11.604747877325948,0.0};'xxx367';190.0;-0.04371612758791122
368;91.57923152033874;205.60382200883257;-4.330090958302578;-20.0;{70.99904486081152,8.595343810903245,0.0};'xxx368';190.0;-0.0275592998713183
369;90.76499151649693;210.9448889903678;-4.330090958302578;-10.0;{77.43378771354534,44.48901313800068,0.0};'xxx369';190.0;-0.01335122402672801
370;90.0;209.91278067127382;-4.330090958302578;0.0;{95.26479342437779,43.955593737803156,0.0};'xxx370';190.0;0.0
371;89.23500848350307;202.5371921438361;-4.330090958302578;10.0;{73.79245796313019,26.563685599803744,0.0};'xxx371';190.0;0.01335122402672801
372;88.42076847966126;189.04389192995117;-4.330090958302578;20.0;{15.466567099686435,76.9343421996143,0.0};'xxx372';190.0;0.0275592998713183
373;87.494451901251;169.8484915071624;-4.330090958302578;30.0;{45.13743178019074,64.08627433720065,0.0};'xxx373';190.0;0.04371612758791122
374;86.35723548122647;145.54623107977483;-4.330090958302578;40.0;{30.62428716972805,5.383645699863782,0.0};'xxx374';190.0;0.06353541081223134
375;84.82270891999464;116.90050625516994;-4.330090958302578;50.0;{30.01631522909596,40.74806131210824,0.0};'xxx375';190.0;0.09023785886568736
376;82.46404200706624;84.83975868975932;-4.330090958302578;60.0;{29.297732930684006,63.132645904736314,0.0};'xxx376';190.0;0.13114838276373364
377;77.9927759379282;50.50964814363851;-4.330090958302578;70.0;{26.018095610749214,80.7823253078954,0.0};'xxx377';190.0;0.20803501760269297
378;64.56916259175962;15.814508299405325;-4.330090958302578;80.0;{8.758696380658614,78.44306607365316,0.0};'xxx378';190.0;0.42942125923211383
379;0.0;0.0;-4.330090958302578;90.0;{11.774836709358215,25.576354424866675,0.0};'xxx379';190.0;433.83535362764997
380;180.0;97.74275123609324;-8.528614293968873;-90.0;{87.27371791019469,59.51221078612803,0.0};'xxx380';200.0;-859.2167131514963
381;148.263320559442;98.77635402733314;-8.528614293968873;-80.0;{80.39876345069861,79.94561746348022,0.0};'xxx381';200.0;-0.8504745402364504
382;114.3315480940302;124.83659984207146;-8.528614293968873;-70.0;{64.39424524216132,49.87054671575064,0.0};'xxx382';200.0;-0.4120161313510972
383;105.0547019171716;152.43026795474896;-8.528614293968873;-60.0;{3.920757522326479,41.959844589136864,0.0};'xxx383';200.0;-0.25974112397973026
384;100.29505419405861;176.66799304265498;-8.528614293968873;-50.0;{4.373174883895537,28.085301365633242,0.0};'xxx384';200.0;-0.1787172849056232
385;97.22884741014877;196.09404237688685;-8.528614293968873;-40.0;{37.90306616765622,41.41372287244904,0.0};'xxx385';200.0;-0.12583272983711066
386;94.9669087457156;209.88013928979535;-8.528614293968873;-30.0;{27.955345209948046,63.301960405387014,0.0};'xxx386';200.0;-0.08658037465991011
387;93.12884797842219;217.50588541195478;-8.528614293968873;-20.0;{93.94147611699267,11.844725231656838,0.0};'xxx387';200.0;-0.05458156153985092
388;91.5152075090955;218.69103998627043;-8.528614293968873;-10.0;{69.33827284145812,25.171179557676826,0.0};'xxx388';200.0;-0.02644227753425625
389;90.0;213.37689005186758;-8.528614293968873;0.0;{1.237800436972114,64.42413652864724,0.0};'xxx389';200.0;0.0
390;88.4847924909045;201.7181890954594;-8.528614293968873;10.0;{93.12156957275919,81.71243375817268,0.0};'xxx390';200.0;0.02644227753425625
391;86.87115202157781;184.07589511597314;-8.528614293968873;20.0;{29.361317045782187,59.16165666475379,0.0};'xxx391';200.0;0.05458156153985092
392;85.03309125428441;161.0087629273951;-8.528614293968873;30.0;{50.43565624008172,26.79430552502302,0.0};'xxx392';200.0;0.08658037465991011
393;82.77115258985124;133.26621198872988;-8.528614293968873;40.0;{41.47286468506807,94.2365560137682,0.0};'xxx393';200.0;0.12583272983711066
394;79.7049458059414;101.7927004626692;-8.528614293968873;50.0;{57.749673211794175,97.28171970953368,0.0};'xxx394';200.0;0.1787172849056232
395;74.94529808282842;67.78256105925107;-8.528614293968873;60.0;{30.44386538336632,88.13501221671079,0.0};'xxx395';200.0;0.25974112397973026
396;65.66845190596982;32.98845637127473;-8.528614293968873;70.0;{95.7375420098008,2.5961913627630673,0.0};'xxx396';200.0;0.4120161313510972
397;31.736679440558;2.518533343194505;-8.528614293968873;80.0;{32.38047722020142,77.64798690739568,0.0};'xxx397';200.0;0.8504745402364504
398;0.0;0.0;-8.528614293968873;90.0;{17.019774122093565,85.00452736591598,0.0};'xxx398';200.0;859.2167131514963
399;180.0;145.8928155628616;-12.468000000000004;-90.0;{60.48524244188541,12.844119149270416,0.0};'xxx399';210.0;-1266.8599781522375
400;180.0;143.67637806340258;-12.468000000000004;-80.0;{26.39496947683282,60.99593068058796,0.0};'xxx400';210.0;-1.2539702044564536
401;127.40833363696387;155.47646462994956;-12.468000000000004;-70.0;{10.330943206540566,9.756523314158471,0.0};'xxx401';210.0;-0.6074913804310366
402;112.51787485031133;178.33030446850702;-12.468000000000004;-60.0;{21.024452059737463,49.85828916945828,0.0};'xxx402';210.0;-0.38297164104648873
403;105.27826822252487;198.74409938872896;-12.468000000000004;-50.0;{86.4703671182925,55.424620453672915,0.0};'xxx403';210.0;-0.26350718297892867
404;100.69216797645313;214.37580202805194;-12.468000000000004;-40.0;{86.95175318706386,8.880293817792817,0.0};'xxx404';210.0;-0.18553229579016695
405;97.33423254535278;224.20446081155333;-12.468000000000004;-30.0;{24.14268832875972,25.261183230693618,0.0};'xxx405';210.0;-0.12765721368216296
406;94.61598506045475;227.70214984964272;-12.468000000000004;-20.0;{47.20989003087678,57.098769498747224,0.0};'xxx406';210.0;-0.08047701447317934
407;92.23438226717369;224.65376211478872;-12.468000000000004;-10.0;{91.91464948398718,26.660247077352437,0.0};'xxx407';210.0;-0.03898744359438086
408;90.0;215.10120131339235;-12.468000000000004;0.0;{61.9772594919743,32.46261764605798,0.0};'xxx408';210.0;0.0
409;87.76561773282633;199.31974017174102;-12.468000000000004;10.0;{33.8223753852135,34.360784295417524,0.0};'xxx409';210.0;0.03898744359438086
410;85.38401493954525;177.80386740065316;-12.468000000000004;20.0;{15.389492776470604,88.29817667310223,0.0};'xxx410';210.0;0.08047701447317934
411;82.66576745464724;151.2580519190852;-12.468000000000004;30.0;{80.11523379057265,1.4513167484014433,0.0};'xxx411';210.0;0.12765721368216296
412;79.30783202354687;120.59770641363896;-12.468000000000004;40.0;{69.43859658214852,6.260878705908734,0.0};'xxx412';210.0;0.18553229579016695
413;74.72173177747514;86.98371703360891;-12.468000000000004;50.0;{30.89906992683017,49.83490946901963,0.0};'xxx413';210.0;0.26350718297892867
414;67.48212514968867;51.98341803705808;-12.468000000000004;60.0;{43.18472744789877,79.32105910765524,0.0};'xxx414';210.0;0.38297164104648873
415;52.591666363036126;18.382060331781815;-12.468000000000004;70.0;{88.28078331641896,47.1843588087864,0.0};'xxx415';210.0;0.6074913804310366
416;0.0;0.0;-12.468000000000004;80.0;{38.60400527011416,9.470903967782062,0.0};'xxx416';210.0;1.2539702044564536
417;0.0;0.0;-12.468000000000004;90.0;{39.45459066529756,22.579999669463348,0.0};'xxx417';210.0;1266.8599781522375
418;180.0;190.66750238511096;-16.028551835143542;-90.0;{51.62394422262375,99.76885750601171,0.0};'xxx418';220.0;-1646.0204100456456
419;180.0;187.7708374562443;-16.028551835143542;-80.0;{91.17869654383065,6.233219734583296,0.0};'xxx419';220.0;-1.6292728365568412
420;142.12092646651294;186.6659188306468;-16.028551835143542;-70.0;{21.459885460880436,61.667584183772625,0.0};'xxx420';220.0;-0.7893083911094456
421;119.84080229598081;203.28873066638286;-16.028551835143542;-60.0;{92.66631567416924,27.07981007934913,0.0};'xxx421';220.0;-0.49759180059553754
422;110.0214945065195;219.27112344470325;-16.028551835143542;-50.0;{93.23927988103347,59.629317281180974,0.0};'xxx422';220.0;-0.3423726448518584
423;103.94914250958082;230.8015564574807;-16.028551835143542;-40.0;{33.32935634022044,30.061444445746808,0.0};'xxx423';220.0;-0.24106053617595782
424;99.54742579135703;236.54886302194936;-16.028551835143542;-30.0;{94.77813330912947,18.789656107690035,0.0};'xxx424';220.0;-0.1658639335318459
425;96.00199555461181;235.93560058287048;-16.028551835143542;-20.0;{3.8727529884230005,21.79669461878945,0.0};'xxx425';220.0;-0.10456310140572898
426;92.90362082356837;228.7911076324423;-16.028551835143542;-10.0;{38.75312395430183,56.75659265974691,0.0};'xxx426';220.0;-0.05065605433795029
427;90.0;215.24467762616243;-16.028551835143542;0.0;{77.48896186904507,82.40288750377378,0.0};'xxx427';220.0;0.0
428;87.09637917643163;195.6820427986828;-16.028551835143542;10.0;{99.31339896495524,12.949056362133648,0.0};'xxx428';220.0;0.05065605433795029
429;83.9980044453882;170.72347309633005;-16.028551835143542;20.0;{80.9214137116266,81.6768877528088,0.0};'xxx429';220.0;0.10456310140572898
430;80.45257420864299;141.21511037737778;-16.028551835143542;30.0;{45.70021376254621,55.830661908709914,0.0};'xxx430';220.0;0.1658639335318459
431;76.05085749041919;108.24284648777682;-16.028551835143542;40.0;{20.370240161264764,2.878679928853256,0.0};'xxx431';220.0;0.24106053617595782
432;69.97850549348051;73.21134053459686;-16.028551835143542;50.0;{56.61353050210497,87.23396523406605,0.0};'xxx432';220.0;0.3423726448518584
433;60.159197704019206;38.165827409781095;-16.028551835143542;60.0;{21.377902115854084,17.831876074545406,0.0};'xxx433';220.0;0.49759180059553754
434;37.87907353348709;7.497071086780877;-16.028551835143542;70.0;{58.11940258428437,97.90432681774152,0.0};'xxx434';220.0;0.7893083911094456
435;0.0;0.0;-16.028551835143542;80.0;{25.673917634811026,6.7305423820268935,0.0};'xxx435';220.0;1.6292728365568412
436;0.0;0.0;-16.028551835143542;90.0;{15.384291475873734,97.69712985979199,0.0};'xxx436';220.0;1646.0204100456456
437;180.0;229.90758161577995;-19.102084233614832;-90.0;{71.69762957153462,82.68073739597041,0.0};'xxx437';230.0;-1984.277652077109
438;180.0;226.41477230000123;-19.102084233614832;-80.0;{28.62095736728667,77.84228903875497,0.0};'xxx438';230.0;-1.964088451750345
439;162.08451253433037;217.06665451229966;-19.102084233614832;-70.0;{89.17695809514208,90.75845716081787,0.0};'xxx439';230.0;-0.9515112883879605
440;126.85893560519852;225.98222588234913;-19.102084233614832;-60.0;{66.69218783785742,32.530448164326295,0.0};'xxx440';230.0;-0.5998469300579048
441;114.37645957086136;237.27147319836982;-19.102084233614832;-50.0;{88.54562737999963,71.10817592022984,0.0};'xxx441';230.0;-0.4127302333044802
442;106.89378973975141;244.7036770635418;-19.102084233614832;-40.0;{11.82288362117314,82.92437804343031,0.0};'xxx442';230.0;-0.29059848335563104
443;101.53397534506674;246.52689980049618;-19.102084233614832;-30.0;{73.43476958818492,88.32173247880908,0.0};'xxx443';230.0;-0.19994897668596834
444;97.24144345227717;242.07684453630586;-19.102084233614832;-20.0;{38.09792300301573,84.69361447400551,0.0};'xxx444';230.0;-0.12605082177900023
445;93.5009951041206;231.2060303234626;-19.102084233614832;-10.0;{14.044144883078058,99.48531307297942,0.0};'xxx445';230.0;-0.06106587497442456
446;90.0;214.1144137490364;-19.102084233614832;0.0;{14.500601599170581,55.20448772724789,0.0};'xxx446';230.0;0.0
447;86.4990048958794;191.28299713600882;-19.102084233614832;10.0;{61.46372959541574,27.673066254023492,0.0};'xxx447';230.0;0.06106587497442456
448;82.75855654772283;163.44381932276937;-19.102084233614832;20.0;{53.98648962023266,8.029734165031977,0.0};'xxx448';230.0;0.12605082177900023
449;78.46602465493328;131.5731072417598;-19.102084233614832;30.0;{92.3942273309146,29.70195559122839,0.0};'xxx449';230.0;0.19994897668596834
450;73.10621026024859;96.9219299770769;-19.102084233614832;40.0;{1.0231360807573253,94.90515518491424,0.0};'xxx450';230.0;0.29059848335563104
451;65.62354042913864;61.152045188226396;-19.102084233614832;50.0;{26.442240610331314,13.46003148549213,0.0};'xxx451';230.0;0.4127302333044802
452;53.1410643948015;26.87641664788465;-19.102084233614832;60.0;{92.75709293137312,87.43044049835494,0.0};'xxx452';230.0;0.5998469300579048
453;17.915487465669642;1.0241933147023954;-19.102084233614832;70.0;{44.65614005387993,70.07145591035848,0.0};'xxx453';230.0;0.9515112883879605
454;0.0;0.0;-19.102084233614832;80.0;{9.546855871751003,47.390289752654546,0.0};'xxx454';230.0;1.964088451750345
455;0.0;0.0;-19.102084233614832;90.0;{37.784917427559364,72.14529970864506,0.0};'xxx455';230.0;1984.277652077109
456;180.0;261.6658066491593;-21.595209468768754;-90.0;{55.14074331814326,99.1778454523393,0.0};'xxx456';240.0;-2267.9462358201486
457;180.0;257.69051901113653;-21.595209468768754;-80.0;{28.791068672794683,14.411323097639684,0.0};'xxx457';240.0;-2.2448708255632357
458;180.0;245.8854313652565;-21.595209468768754;-70.0;{89.30442849061446,0.0757056992981564,0.0};'xxx458';240.0;-1.0875375442448394
459;133.28280524478427;244.99939973278813;-21.595209468768754;-60.0;{23.86665959745956,39.69517305223113,0.0};'xxx459';240.0;-0.6855999137363823
460;118.14687212258082;251.78394819649523;-21.595209468768754;-50.0;{16.976820983717676,38.8885108572479,0.0};'xxx460';240.0;-0.47173336758201456
461;109.39883137035254;255.48282684415574;-21.595209468768754;-40.0;{26.79316598876994,55.67439872898059,0.0};'xxx461';240.0;-0.3321418934348994
462;103.21073662833648;253.84673804107922;-21.595209468768754;-30.0;{53.743763540358614,61.94277129370101,0.0};'xxx462';240.0;-0.22853330457879417
463;98.28347551023407;246.10107641612396;-21.595209468768754;-20.0;{55.62955136153697,98.38511941615835,0.0};'xxx463';240.0;-0.14407080908081044
464;94.00225511952027;232.10344315033322;-21.595209468768754;-10.0;{59.1153361723633,22.772191751979665,0.0};'xxx464';240.0;-0.06979573707355755
465;90.0;212.10602040094898;-21.595209468768754;0.0;{39.73180331454438,6.851631131526359,0.0};'xxx465';240.0;0.0
466;85.99774488047973;186.66565197590225;-21.595209468768754;10.0;{39.20194986038986,73.61938708818455,0.0};'xxx466';240.0;0.06979573707355755
467;81.71652448976593;156.6060983594653;-21.595209468768754;20.0;{90.22618753328662,67.24835371017484,0.0};'xxx467';240.0;0.14407080908081044
468;76.78926337166354;123.01383272380049;-21.595209468768754;30.0;{88.2560325794501,89.946405579408,0.0};'xxx468';240.0;0.22853330457879417
469;70.60116862964747;87.28728588967793;-21.595209468768754;40.0;{97.64907547952437,87.23806020781747,0.0};'xxx469';240.0;0.3321418934348994
470;61.85312787741919;51.33630800566974;-21.595209468768754;50.0;{76.29533084079257,79.44919999981104,0.0};'xxx470';240.0;0.47173336758201456
471;46.71719475521574;18.390160421413096;-21.595209468768754;60.0;{2.9439674059798526,40.03536980390068,0.0};'xxx471';240.0;0.6855999137363823
472;0.0;0.0;-21.595209468768754;70.0;{46.71750328348313,5.370317177275008,0.0};'xxx472';240.0;1.0875375442448394
473;0.0;0.0;-21.595209468768754;80.0;{68.3673609428806,95.16532174525635,0.0};'xxx473';240.0;2.2448708255632357
474;0.0;0.0;-21.595209468768754;90.0;{53.43295536798869,77.33070394084785,0.0};'xxx474';240.0;2267.9462358201486
475;180.0;284.36714319036156;-23.432175191917413;-90.0;{32.41696053489288,75.67538053181875,0.0};'xxx475';250.0;-2483.2307276476877
476;180.0;280.0469715811601;-23.432175191917413;-80.0;{87.54637913375576,99.91727499805837,0.0};'xxx476';250.0;-2.4579648871713937
477;180.0;267.217710119911;-23.432175191917413;-70.0;{57.45448691037035,39.26925223979389,0.0};'xxx477';250.0;-1.1907718995651948
478;138.64935008860124;258.9432133036384;-23.432175191917413;-60.0;{45.4245909985762,51.92808865929801,0.0};'xxx478';250.0;-0.7506803934649355
479;121.09861257825027;261.93768007225077;-23.432175191917413;-50.0;{89.21682285062418,77.7375495828665,0.0};'xxx479';250.0;-0.5165125941412642
480;111.32578084513486;262.6417726671106;-23.432175191917413;-40.0;{46.995662911517066,60.167731202387046,0.0};'xxx480';250.0;-0.36367041805925454
481;104.49093331369184;258.3097257524376;-23.432175191917413;-30.0;{85.6579745117735,85.82507972831439,0.0};'xxx481';250.0;-0.25022679782164525
482;99.07613140987502;248.05731752639682;-23.432175191917413;-20.0;{46.82931796879025,10.247959304335307,0.0};'xxx482';250.0;-0.15774671128266685
483;94.38287902677982;231.73610879236548;-23.432175191917413;-10.0;{9.664577595137258,2.536012693304479,0.0};'xxx483';250.0;-0.0764210880410048
484;90.0;209.63233922094915;-23.432175191917413;0.0;{57.95139490107777,84.36905493722175,0.0};'xxx484';250.0;0.0
485;85.61712097322018;182.35627183691022;-23.432175191917413;10.0;{67.33775383189936,58.6045309971703,0.0};'xxx485';250.0;0.0764210880410048
486;80.923868590125;150.79802497397466;-23.432175191917413;20.0;{94.01279247121035,49.274677374261934,0.0};'xxx486';250.0;0.15774671128266685
487;75.50906668630816;116.12615199167715;-23.432175191917413;30.0;{13.379780849905554,25.48677683614026,0.0};'xxx487';250.0;0.25022679782164525
488;68.67421915486514;79.8540936383727;-23.432175191917413;40.0;{47.24570589972422,35.503934972047816,0.0};'xxx488';250.0;0.36367041805925454
489;58.901387421749746;44.09980690779497;-23.432175191917413;50.0;{65.3892402420721,60.145327010052405,0.0};'xxx489';250.0;0.5165125941412642
490;41.35064991139876;12.674039548284293;-23.432175191917413;60.0;{59.36965320853803,77.35888133258403,0.0};'xxx490';250.0;0.7506803934649355
491;0.0;0.0;-23.432175191917413;70.0;{19.094026611446214,27.477853364661588,0.0};'xxx491';250.0;1.1907718995651948
492;0.0;0.0;-23.432175191917413;80.0;{42.38088144132135,58.36738607378516,0.0};'xxx492';250.0;2.4579648871713937
493;0.0;0.0;-23.432175191917413;90.0;{35.74424810446097,77.65381593844467,0.0};'xxx493';250.0;2483.2307276476877
494;180.0;296.93896099295546;-24.55716612911242;-90.0;{59.969871688474264,22.57949594228905,0.0};'xxx494';260.0;-2618.026097607952
495;180.0;292.4277954111821;-24.55716612911242;-80.0;{16.130968193566954,73.24639228985208,0.0};'xxx495';260.0;-2.5913887702712386
496;180.0;279.0313547188055;-24.55716612911242;-70.0;{42.55267198109425,13.359111936827006,0.0};'xxx496';260.0;-1.2554096865227626
497;142.31925686988572;266.6063300363936;-24.55716612911242;-60.0;{43.38405049061414,94.41284655399325,0.0};'xxx497';260.0;-0.791429019934646
498;122.99392192960373;267.05716431938265;-24.55716612911242;-50.0;{85.2091958866222,67.55114443361376,0.0};'xxx498';260.0;-0.5445500638138309
499;112.54514527844468;265.8321686298997;-24.55716612911242;-40.0;{64.37969275672074,42.17662857715,0.0};'xxx499';260.0;-0.3834112693624026
500;105.29623539036453;259.81371935237024;-24.55716612911242;-30.0;{29.679556443228915,1.0287675610257008,0.0};'xxx500';260.0;-0.26380967331154875
501;99.57331785524019;248.03891988133572;-24.55716612911242;-20.0;{10.608832404775049,70.52282049932953,0.0};'xxx501';260.0;-0.16630955889510138
502;94.62129544651125;230.35121887666222;-24.55716612911242;-10.0;{69.38772440090764,57.466998416961154,0.0};'xxx502';260.0;-0.08056939722571407
503;90.0;207.05447469972094;-24.55716612911242;0.0;{79.73273733055564,28.71285787671991,0.0};'xxx503';260.0;0.0
504;85.37870455348875;178.78830863657575;-24.55716612911242;10.0;{73.43872888774023,99.78300891584644,0.0};'xxx504';260.0;0.08056939722571407
505;80.42668214475981;146.47981233671624;-24.55716612911242;20.0;{1.0514802784105104,38.52537702481133,0.0};'xxx505';260.0;0.16630955889510138
506;74.70376460963547;111.34423659457305;-24.55716612911242;30.0;{48.42197184859274,93.27648632814788,0.0};'xxx506';260.0;0.26380967331154875
507;67.45485472155532;74.963480763337;-24.55716612911242;40.0;{81.59162733664866,12.966592130497666,0.0};'xxx507';260.0;0.3834112693624026
508;57.006078070396256;39.58871984066366;-24.55716612911242;50.0;{13.008041050860875,1.6906780339634775,0.0};'xxx508';260.0;0.5445500638138309
509;37.6807431301143;9.449642526417398;-24.55716612911242;60.0;{41.759292147101476,26.324777709860548,0.0};'xxx509';260.0;0.791429019934646
510;0.0;0.0;-24.55716612911242;70.0;{97.37620303840939,43.1757582048432,0.0};'xxx510';260.0;1.2554096865227626
511;0.0;0.0;-24.55716612911242;80.0;{4.295011662215764,71.43197500817648,0.0};'xxx511';260.0;2.5913887702712386
512;0.0;0.0;-24.55716612911242;90.0;{42.51383821097781,18.893771001296102,0.0};'xxx512';260.0;2618.026097607952
513;180.0;298.89495707741503;-24.936;-90.0;{57.51667237505587,1.2472275686289502,0.0};'xxx513';270.0;-2663.958468599075
514;180.0;294.35407554935836;-24.936;-80.0;{53.3898998239589,93.26121040114928,0.0};'xxx514';270.0;-2.636853798479736
515;180.0;280.86938983365314;-24.936;-70.0;{90.02599849497203,82.69801340811198,0.0};'xxx515';270.0;-1.2774354193907043
516;143.64062676196525;267.22019332848873;-24.936;-60.0;{84.33275502343362,65.86665964378446,0.0};'xxx516';270.0;-0.8053143709592188
517;123.64902324048576;266.779715957265;-24.936;-50.0;{68.05180862943782,27.207583795569967,0.0};'xxx517';270.0;-0.5541040081298136
518;112.96309195706358;264.90501289224727;-24.936;-40.0;{76.68042136857804,24.82294943389032,0.0};'xxx518';270.0;-0.39013808873315753
519;105.57134722798965;258.3603935247212;-24.936;-30.0;{96.89126982159051,24.975667869001395,0.0};'xxx519';270.0;-0.26843812365307296
520;99.74290169107641;246.1609329231588;-24.936;-20.0;{76.00617311351601,68.23648960318359,0.0};'xxx520';270.0;-0.16922740313107726
521;94.70255545628906;228.1475898484873;-24.936;-10.0;{56.67458918878769,84.19230924170174,0.0};'xxx521';270.0;-0.08198295969832804
522;90.0;204.62745355734702;-24.936;0.0;{61.18288667559747,46.25651761577411,0.0};'xxx522';270.0;0.0
523;85.29744454371094;176.24502444763758;-24.936;10.0;{41.54169075800974,45.948098542851234,0.0};'xxx523';270.0;0.08198295969832804
524;80.25709830892359;143.93283530719873;-24.936;20.0;{70.19657642127942,53.0948516344996,0.0};'xxx524';270.0;0.16922740313107726
525;74.42865277201037;108.91291270979843;-24.936;30.0;{27.467261761421145,75.39459734294321,0.0};'xxx525';270.0;0.26843812365307296
526;67.03690804293642;72.779034958849;-24.936;40.0;{54.966001497067516,32.73106714196267,0.0};'xxx526';270.0;0.39013808873315753
527;56.35097675951426;37.81289152446161;-24.936;50.0;{85.74117120997698,66.604678049804,0.0};'xxx527';270.0;0.5541040081298136
528;36.35937323803475;8.369563493867497;-24.936;60.0;{29.889321800779534,64.00466330668917,0.0};'xxx528';270.0;0.8053143709592188
529;0.0;0.0;-24.936;70.0;{97.27754391751412,46.0120550141408,0.0};'xxx529';270.0;1.2774354193907043
530;0.0;0.0;-24.936;80.0;{91.01732669700101,5.607444085604274,0.0};'xxx530';270.0;2.636853798479736
531;0.0;0.0;-24.936;90.0;{6.751603119414984,94.6637545843925,0.0};'xxx531';270.0;2663.958468599075
532;180.0;290.3626883054457;-24.55716612911242;-90.0;{44.13455072997582,65.92464052184775,0.0};'xxx532';280.0;-2618.026097607952
533;180.0;285.9514309839594;-24.55716612911242;-80.0;{64.52581684108874,55.397836397053865,0.0};'xxx533';280.0;-2.5913887702712386
534;180.0;272.85167970795476;-24.55716612911242;-70.0;{92.25309477789398,24.27991644903795,0.0};'xxx534';280.0;-1.2554096865227626
535;142.31925686988572;260.7018306043466;-24.55716612911242;-60.0;{41.09370307966319,92.95699762158998,0.0};'xxx535';280.0;-0.791429019934646
536;122.99392192960373;261.1426803128226;-24.55716612911242;-50.0;{93.36013041242988,84.60897558219554,0.0};'xxx536';280.0;-0.5445500638138309
537;112.54514527844468;259.9448144606239;-24.55716612911242;-40.0;{22.779105213147787,15.612031688430827,0.0};'xxx537';280.0;-0.3834112693624026
538;105.29623539036453;254.05965508036027;-24.55716612911242;-30.0;{1.9726108615682136,38.211302286261095,0.0};'xxx538';280.0;-0.26380967331154875
539;99.57331785524019;242.5456307258794;-24.55716612911242;-20.0;{4.342842556889936,3.1503169124114994,0.0};'xxx539';280.0;-0.16630955889510138
540;94.62129544651125;225.2496571813981;-24.55716612911242;-10.0;{72.76352851022142,77.04953556388594,0.0};'xxx540';280.0;-0.08056939722571407
541;90.0;202.4688632924433;-24.55716612911242;0.0;{99.26242589908406,99.80207762768464,0.0};'xxx541';280.0;0.0
542;85.37870455348875;174.82870472673153;-24.55716612911242;10.0;{1.6652406047753976,5.963283037060451,0.0};'xxx542';280.0;0.08056939722571407
543;80.42668214475981;143.23574094264828;-24.55716612911242;20.0;{37.37820565902336,52.753844846072916,0.0};'xxx543';280.0;0.16630955889510138
544;74.70376460963547;108.87830871639913;-24.55716612911242;30.0;{47.759779756860766,32.792394059981625,0.0};'xxx544';280.0;0.26380967331154875
545;67.45485472155532;73.30327325989558;-24.55716612911242;40.0;{39.81104365518825,16.007014124508757,0.0};'xxx545';280.0;0.3834112693624026
546;57.006078070396256;38.71195305953447;-24.55716612911242;50.0;{52.56585328795239,60.59632440724238,0.0};'xxx546';280.0;0.5445500638138309
547;37.6807431301143;9.240362390710706;-24.55716612911242;60.0;{3.230051281404789,42.646306260724096,0.0};'xxx547';280.0;0.791429019934646
548;0.0;0.0;-24.55716612911242;70.0;{64.30346886257918,37.705435999175286,0.0};'xxx548';280.0;1.2554096865227626
549;0.0;0.0;-24.55716612911242;80.0;{34.25696295102514,48.40633447109567,0.0};'xxx549';280.0;2.5913887702712386
550;0.0;0.0;-24.55716612911242;90.0;{4.369617961844618,41.292804229348064,0.0};'xxx550';280.0;2618.026097607952
551;180.0;272.05229133562085;-23.43217519191741;-90.0;{83.64522855883598,7.439008062064135,0.0};'xxx551';290.0;-2483.230727647687
552;180.0;267.9192098126983;-23.43217519191741;-80.0;{10.174539688434292,84.83512853067973,0.0};'xxx552';290.0;-2.4579648871713937
553;180.0;255.64553452968516;-23.43217519191741;-70.0;{67.2039646900476,86.87706750872402,0.0};'xxx553';290.0;-1.1907718995651948
554;138.64935008860124;247.72937447947393;-23.43217519191741;-60.0;{15.246972830816608,7.466665131120431,0.0};'xxx554';290.0;-0.7506803934649354
555;121.09861257825024;250.59416236104718;-23.43217519191741;-50.0;{22.54832704270524,83.78080395880903,0.0};'xxx555';290.0;-0.516512594141264
556;111.32578084513486;251.26776340227522;-23.43217519191741;-40.0;{76.5339248167536,29.818023664532323,0.0};'xxx556';290.0;-0.3636704180592545
557;104.49093331369184;247.12332084787906;-23.43217519191741;-30.0;{41.31646710854846,83.55344004531004,0.0};'xxx557';290.0;-0.2502267978216452
558;99.07613140987502;237.3149051557208;-23.43217519191741;-20.0;{18.263178515262123,58.56486361763456,0.0};'xxx558';290.0;-0.15774671128266682
559;94.38287902677982;221.70050546226605;-23.43217519191741;-10.0;{64.396991478619,76.00168100511581,0.0};'xxx559';290.0;-0.0764210880410048
560;90.0;200.5539654942751;-23.43217519191741;0.0;{58.617298477409584,82.817576884047,0.0};'xxx560';290.0;0.0
561;85.61712097322018;174.45912012219526;-23.43217519191741;10.0;{80.23460056254265,93.45314191211867,0.0};'xxx561';290.0;0.0764210880410048
562;80.923868590125;144.26754006384274;-23.43217519191741;20.0;{95.88359598780194,74.44953981992565,0.0};'xxx562';290.0;0.15774671128266682
563;75.50906668630816;111.09717310827192;-23.43217519191741;30.0;{96.41985723825812,93.4276496180005,0.0};'xxx563';290.0;0.2502267978216452
564;68.67421915486514;76.39591868145496;-23.43217519191741;40.0;{37.942251656002725,79.41788874001034,0.0};'xxx564';290.0;0.3636704180592545
565;58.901387421749746;42.19001317143278;-23.43217519191741;50.0;{32.51385752312997,4.987824842415867,0.0};'xxx565';290.0;0.516512594141264
566;41.35064991139876;12.125175436603982;-23.43217519191741;60.0;{7.368587191381726,79.66230931315975,0.0};'xxx566';290.0;0.7506803934649354
567;0.0;0.0;-23.43217519191741;70.0;{22.129308934835734,71.4037507906768,0.0};'xxx567';290.0;1.1907718995651948
568;0.0;0.0;-23.43217519191741;80.0;{27.48948829892639,96.58215153092539,0.0};'xxx568';290.0;2.4579648871713937
569;0.0;0.0;-23.43217519191741;90.0;{48.730635757997845,85.48091120585079,0.0};'xxx569';290.0;2483.230727647687
570;180.0;245.17194548754458;-21.59520946876876;-90.0;{48.89976350372722,65.8862522414621,0.0};'xxx570';300.0;-2267.9462358201495
571;180.0;241.447236414672;-21.59520946876876;-80.0;{81.14229469962775,21.054978331792952,0.0};'xxx571';300.0;-2.2448708255632366
572;180.0;230.3862715073542;-21.59520946876876;-70.0;{65.80202458723006,72.13234926708063,0.0};'xxx572';300.0;-1.0875375442448398
573;133.2828052447843;229.5560900561451;-21.59520946876876;-60.0;{43.715693463745,51.61653944146983,0.0};'xxx573';300.0;-0.6855999137363826
574;118.14687212258085;235.9129808069946;-21.59520946876876;-50.0;{33.98030691864966,79.61089040757462,0.0};'xxx574';300.0;-0.4717333675820148
575;109.39883137035255;239.37870407356255;-21.59520946876876;-40.0;{71.16841597969376,38.08231880185847,0.0};'xxx575';300.0;-0.3321418934348996
576;103.21073662833649;237.8457446090556;-21.59520946876876;-30.0;{72.54439425158114,64.16599824075828,0.0};'xxx576';300.0;-0.22853330457879426
577;98.28347551023408;230.58832357266968;-21.59520946876876;-20.0;{26.440228090325746,44.562137270809366,0.0};'xxx577';300.0;-0.14407080908081052
578;94.00225511952029;217.47301812278158;-21.59520946876876;-10.0;{70.32937750852113,14.898987519948449,0.0};'xxx578';300.0;-0.06979573707355757
579;90.0;198.73611434850633;-21.59520946876876;0.0;{97.72525125162691,21.622197170629377,0.0};'xxx579';300.0;0.0
580;85.99774488047973;174.89935592537958;-21.59520946876876;10.0;{52.565074069483764,33.29862458511166,0.0};'xxx580';300.0;0.06979573707355757
581;81.71652448976593;146.7345783604211;-21.59520946876876;20.0;{21.048358967389337,58.44421544421119,0.0};'xxx581';300.0;0.14407080908081052
582;76.78926337166352;115.25976999819217;-21.59520946876876;30.0;{95.12343538497716,18.036767242831118,0.0};'xxx582';300.0;0.22853330457879426
583;70.60116862964746;81.78521287113914;-21.59520946876876;40.0;{67.77224244277708,92.20820548869773,0.0};'xxx583';300.0;0.3321418934348996
584;61.85312787741918;48.10037149704248;-21.59520946876876;50.0;{14.899306387843714,78.63259852898322,0.0};'xxx584';300.0;0.4717333675820148
585;46.717194755215715;17.230953734781263;-21.59520946876876;60.0;{84.41939667842391,42.3038568512266,0.0};'xxx585';300.0;0.6855999137363826
586;0.0;0.0;-21.59520946876876;70.0;{64.79710191182203,46.07220679152284,0.0};'xxx586';300.0;1.0875375442448398
587;0.0;0.0;-21.59520946876876;80.0;{18.04033381011386,91.6624661650888,0.0};'xxx587';300.0;2.2448708255632366
588;0.0;0.0;-21.59520946876876;90.0;{2.8665212157999442,80.45065370609812,0.0};'xxx588';300.0;2267.9462358201495
589;180.0;211.30253903538565;-19.10208423361484;-90.0;{54.96974258865423,42.58906590825513,0.0};'xxx589';310.0;-1984.2776520771097
590;180.0;208.09238184264075;-19.10208423361484;-80.0;{31.713128678253423,55.767221215751185,0.0};'xxx590';310.0;-1.9640884517503456
591;162.0845125343304;199.50075119757446;-19.10208423361484;-70.0;{52.320859841570154,41.303578565428424,0.0};'xxx591';310.0;-0.9515112883879607
592;126.85893560519852;207.69483881401064;-19.10208423361484;-60.0;{25.813814168485095,35.88627438456964,0.0};'xxx592';310.0;-0.599846930057905
593;114.37645957086137;218.07051500923993;-19.10208423361484;-50.0;{72.07984240328767,14.65782445037509,0.0};'xxx593';310.0;-0.4127302333044804
594;106.89378973975143;224.90127516209103;-19.10208423361484;-40.0;{56.69748713529243,59.74234106281371,0.0};'xxx594';310.0;-0.29059848335563115
595;101.53397534506674;226.57695541081523;-19.10208423361484;-30.0;{40.54925161989412,92.50167821552067,0.0};'xxx595';310.0;-0.1999489766859684
596;97.24144345227718;222.48701644680736;-19.10208423361484;-20.0;{6.7106692681750735,20.54715693205782,0.0};'xxx596';310.0;-0.1260508217790003
597;93.5009951041206;212.49591207168274;-19.10208423361484;-10.0;{91.64170802755042,90.50847210278586,0.0};'xxx597';310.0;-0.06106587497442458
598;90.0;196.78741758440196;-19.10208423361484;0.0;{51.54191773223575,59.24281241136809,0.0};'xxx598';310.0;0.0
599;86.4990048958794;175.8036106729369;-19.10208423361484;10.0;{62.04668264958786,17.712350686638413,0.0};'xxx599';310.0;0.06106587497442458
600;82.75855654772283;150.2172906601161;-19.10208423361484;20.0;{10.804684155944766,26.958997060663936,0.0};'xxx600';310.0;0.1260508217790003
601;78.46602465493326;120.92568428396153;-19.10208423361484;30.0;{31.817782477090905,51.907207734736694,0.0};'xxx601';310.0;0.1999489766859684
602;73.10621026024859;89.07861910614149;-19.10208423361484;40.0;{1.1868557963841342,93.58603055688248,0.0};'xxx602';310.0;0.29059848335563115
603;65.62354042913863;56.20337669887431;-19.10208423361484;50.0;{94.10794385928028,44.85765236431462,0.0};'xxx603';310.0;0.4127302333044804
604;53.14106439480148;24.701469338065277;-19.10208423361484;60.0;{1.676960791843507,8.606253942854824,0.0};'xxx604';310.0;0.599846930057905
605;17.9154874656696;0.9413114884630263;-19.10208423361484;70.0;{89.49450052032186,36.71303244678602,0.0};'xxx605';310.0;0.9515112883879607
606;0.0;0.0;-19.10208423361484;80.0;{31.754893556654896,78.23703327970378,0.0};'xxx606';310.0;1.9640884517503456
607;0.0;0.0;-19.10208423361484;90.0;{5.029951921138565,9.413025149708998,0.0};'xxx607';310.0;1984.2776520771097
608;180.0;172.24871698235395;-16.028551835143553;-90.0;{52.36675071470886,67.77658287397345,0.0};'xxx608';320.0;-1646.020410045647
609;180.0;169.63187451426896;-16.028551835143553;-80.0;{69.41234240866613,63.1115059261831,0.0};'xxx609';320.0;-1.6292728365568423
610;142.120926466513;168.63369279348115;-16.028551835143553;-70.0;{71.92478050364032,59.32629889567439,0.0};'xxx610';320.0;-0.7893083911094463
611;119.84080229598084;183.65071444387968;-16.028551835143553;-60.0;{22.3268908460986,8.638182781965698,0.0};'xxx611';320.0;-0.4975918005955379
612;110.0214945065195;198.08918254115045;-16.028551835143553;-50.0;{10.283741317359896,67.37222756617749,0.0};'xxx612';320.0;-0.3423726448518587
613;103.94914250958084;208.50575730012721;-16.028551835143553;-40.0;{93.770508011188,8.794640627505391,0.0};'xxx613';320.0;-0.24106053617595802
614;99.54742579135703;213.69786486670375;-16.028551835143553;-30.0;{11.936207494226847,17.81307061631956,0.0};'xxx614';320.0;-0.16586393353184603
615;96.00199555461181;213.14384455918722;-16.028551835143553;-20.0;{96.55926096011275,81.84950521987206,0.0};'xxx615';320.0;-0.10456310140572907
616;92.90362082356837;206.6895210441338;-16.028551835143553;-10.0;{97.77912222507538,5.905910504747657,0.0};'xxx616';320.0;-0.05065605433795033
617;90.0;194.45169782263872;-16.028551835143553;0.0;{26.727977804573822,25.716585452296357,0.0};'xxx617';320.0;0.0
618;87.09637917643163;176.77884477911553;-16.028551835143553;10.0;{73.98426405440104,70.2679198018764,0.0};'xxx618';320.0;0.05065605433795033
619;83.99800444538819;154.23131279193078;-16.028551835143553;20.0;{10.874330572866963,69.92646302886625,0.0};'xxx619';320.0;0.10456310140572907
620;80.45257420864297;127.57350506377774;-16.028551835143553;30.0;{42.50455287938587,36.693155760003584,0.0};'xxx620';320.0;0.16586393353184603
621;76.05085749041918;97.78641455311465;-16.028551835143553;40.0;{21.66394549791769,7.039069839384227,0.0};'xxx621';320.0;0.24106053617595802
622;69.9785054934805;66.13900805272857;-16.028551835143553;50.0;{26.087093624565238,86.38329289040435,0.0};'xxx622';320.0;0.3423726448518587
623;60.15919770401918;34.47894749586913;-16.028551835143553;60.0;{61.33487388420921,42.87286452087257,0.0};'xxx623';320.0;0.4975918005955379
624;37.87907353348702;6.772842040041042;-16.028551835143553;70.0;{66.67098264283659,51.93099819248829,0.0};'xxx624';320.0;0.7893083911094463
625;0.0;0.0;-16.028551835143553;80.0;{14.200009297245476,62.46724121139411,0.0};'xxx625';320.0;1.6292728365568423
626;0.0;0.0;-16.028551835143553;90.0;{5.25035326887796,29.908525813705655,0.0};'xxx626';320.0;1646.020410045647
627;180.0;129.88535310934034;-12.46800000000001;-90.0;{32.64187605015023,79.24165774248722,0.0};'xxx627';330.0;-1266.8599781522382
628;180.0;127.9121046930194;-12.46800000000001;-80.0;{93.03443501610256,94.24618741021594,0.0};'xxx628';330.0;-1.2539702044564542
629;127.4083336369639;138.4174774524912;-12.46800000000001;-70.0;{44.02866385523871,28.405912096159746,0.0};'xxx629';330.0;-0.6074913804310369
630;112.51787485031136;158.7637778915032;-12.46800000000001;-60.0;{77.83923359285765,90.31064324552581,0.0};'xxx630';330.0;-0.38297164104648895
631;105.27826822252489;176.9377568587693;-12.46800000000001;-50.0;{6.219956385971026,23.2423442747981,0.0};'xxx631';330.0;-0.26350718297892883
632;100.69216797645315;190.8543380774919;-12.46800000000001;-40.0;{71.65490717351359,43.24455797512615,0.0};'xxx632';330.0;-0.18553229579016703
633;97.33423254535278;199.6045894984485;-12.46800000000001;-30.0;{15.16619925144649,20.982801340657176,0.0};'xxx633';330.0;-0.127657213682163
634;94.61598506045476;202.71850963239203;-12.46800000000001;-20.0;{88.11006175938066,58.38359270254892,0.0};'xxx634';330.0;-0.08047701447317938
635;92.23438226717369;200.0045931463188;-12.46800000000001;-10.0;{65.42632602741955,54.905976850914584,0.0};'xxx635';330.0;-0.03898744359438087
636;90.0;191.5001460424571;-12.46800000000001;0.0;{48.84182976728623,15.385793026708505,0.0};'xxx636';330.0;0.0
637;87.76561773282633;177.4502379297336;-12.46800000000001;10.0;{97.14352095090776,13.974219349946516,0.0};'xxx637';330.0;0.03898744359438087
638;85.38401493954525;158.29510186942318;-12.46800000000001;20.0;{17.11556912048511,79.58119442124944,0.0};'xxx638';330.0;0.08047701447317938
639;82.66576745464722;134.66191195464478;-12.46800000000001;30.0;{47.13217837927595,29.470186748489468,0.0};'xxx639';330.0;0.127657213682163
640;79.30783202354687;107.36564114744134;-12.46800000000001;40.0;{20.303968038888677,52.80260017650035,0.0};'xxx640';330.0;0.18553229579016703
641;74.72173177747513;77.43980235137235;-12.46800000000001;50.0;{34.343734156859526,34.07759027033216,0.0};'xxx641';330.0;0.26350718297892883
642;67.48212514968866;46.27976080607281;-12.46800000000001;60.0;{1.9005249416976344,88.1623907300815,0.0};'xxx642';330.0;0.38297164104648895
643;52.59166636303611;16.365167728509096;-12.46800000000001;70.0;{29.414637274796206,96.50401266946407,0.0};'xxx643';330.0;0.6074913804310369
644;0.0;0.0;-12.46800000000001;80.0;{30.033272230585762,19.179242369169323,0.0};'xxx644';330.0;1.2539702044564542
645;0.0;0.0;-12.46800000000001;90.0;{92.34082337313441,76.63651503584374,0.0};'xxx645';330.0;1266.8599781522382
646;180.0;86.01739598414206;-8.528614293968872;-90.0;{68.09959633048197,99.35079258460146,0.0};'xxx646';340.0;-859.216713151496
647;148.263320559442;86.92700635892726;-8.528614293968872;-80.0;{58.85485739453967,7.5323327719428175,0.0};'xxx647';340.0;-0.8504745402364502
648;114.33154809403018;109.86102914160766;-8.528614293968872;-70.0;{59.9872191550294,82.04137770714408,0.0};'xxx648';340.0;-0.4120161313510971
649;105.05470191717158;134.14452276836272;-8.528614293968872;-60.0;{71.11405980252479,56.656743551411424,0.0};'xxx649';340.0;-0.2597411239797302
650;100.29505419405861;155.47465692435026;-8.528614293968872;-50.0;{57.30559124433709,10.699231871214177,0.0};'xxx650';340.0;-0.17871728490562316
651;97.22884741014877;172.57033058667568;-8.528614293968872;-40.0;{3.213226553458548,28.266612469627894,0.0};'xxx651';340.0;-0.12583272983711064
652;94.9669087457156;184.70262829915825;-8.528614293968872;-30.0;{11.439975782810807,6.533748893112179,0.0};'xxx652';340.0;-0.0865803746599101
653;93.12884797842219;191.41357939853864;-8.528614293968872;-20.0;{31.651672051527047,93.41922917469127,0.0};'xxx653';340.0;-0.05458156153985091
654;91.5152075090955;192.45656119547093;-8.528614293968872;-10.0;{93.81826251689607,49.37370686604452,0.0};'xxx654';340.0;-0.02644227753425625
655;90.0;187.77990401684795;-8.528614293968872;0.0;{19.083870873468413,47.97291425461133,0.0};'xxx655';340.0;0.0
656;88.4847924909045;177.51979690766996;-8.528614293968872;10.0;{6.096568894370568,5.612222323847305,0.0};'xxx656';340.0;0.02644227753425625
657;86.87115202157781;161.99389684745418;-8.528614293968872;20.0;{5.630769793125312,70.23076470249717,0.0};'xxx657';340.0;0.05458156153985091
658;85.03309125428441;141.6939296520273;-8.528614293968872;30.0;{50.74562368197877,77.35140515589987,0.0};'xxx658';340.0;0.0865803746599101
659;82.77115258985124;117.27941338843965;-8.528614293968872;40.0;{45.055323973270745,63.56897290440187,0.0};'xxx659';340.0;0.12583272983711064
660;79.7049458059414;89.5815077155235;-8.528614293968872;50.0;{34.36880610833107,92.64174633361127,0.0};'xxx660';340.0;0.17871728490562316
661;74.94529808282842;59.65127154411303;-8.528614293968872;60.0;{31.412416518953854,19.220716698807472,0.0};'xxx661';340.0;0.2597411239797302
662;65.66845190596982;29.03111564497999;-8.528614293968872;70.0;{19.027973718181855,1.7950586126872503,0.0};'xxx662';340.0;0.4120161313510971
663;31.736679440558024;2.216406609606763;-8.528614293968872;80.0;{88.19722479469786,39.643890416200946,0.0};'xxx663';340.0;0.8504745402364502
664;0.0;0.0;-8.528614293968872;90.0;{89.5324778147662,80.6854099526908,0.0};'xxx664';340.0;859.216713151496
665;180.0;42.267427795706695;-4.330090958302576;-90.0;{9.148134545464737,74.46196601164401,0.0};'xxx665';350.0;-433.8353536276498
666;115.43083740824038;55.43087276953579;-4.330090958302576;-80.0;{48.024480903806676,13.71935827258467,0.0};'xxx666';350.0;-0.42942125923211366
667;102.0072240620718;83.81176694731904;-4.330090958302576;-70.0;{22.370753064742743,91.11683606543939,0.0};'xxx667';350.0;-0.2080350176026929
668;97.53595799293376;110.66717852415367;-4.330090958302576;-60.0;{43.13960865725108,3.354186168496487,0.0};'xxx668';350.0;-0.13114838276373358
669;95.17729108000536;134.4292914240758;-4.330090958302576;-50.0;{20.616738385265933,90.90994276801737,0.0};'xxx669';350.0;-0.09023785886568733
670;93.64276451877355;154.22638274466854;-4.330090958302576;-40.0;{25.828507874276664,87.31262926468641,0.0};'xxx670';350.0;-0.06353541081223131
671;92.505548098749;169.40624694543456;-4.330090958302576;-30.0;{90.57648177700871,1.159871552356062,0.0};'xxx671';350.0;-0.04371612758791121
672;91.57923152033874;179.48584150979823;-4.330090958302576;-20.0;{72.14593090738178,95.44664932663585,0.0};'xxx672';350.0;-0.02755929987131829
673;90.76499151649693;184.14842945380965;-4.330090958302576;-10.0;{91.91242873202505,4.449558333023407,0.0};'xxx673';350.0;-0.01335122402672801
674;90.0;183.24743049196215;-4.330090958302576;0.0;{79.95834205481445,28.947499110056206,0.0};'xxx674';350.0;0.0
675;89.23500848350307;176.8087675306272;-4.330090958302576;10.0;{38.10757242053746,31.434017834600137,0.0};'xxx675';350.0;0.01335122402672801
676;88.42076847966126;165.02952957692108;-4.330090958302576;20.0;{62.64719116425923,39.76768188356756,0.0};'xxx676';350.0;0.02755929987131829
677;87.494451901251;148.27253272569632;-4.330090958302576;30.0;{32.38487819148275,93.13095455358824,0.0};'xxx677';350.0;0.04371612758791121
678;86.35723548122647;127.05740345046064;-4.330090958302576;40.0;{55.155285439318526,37.75460277664252,0.0};'xxx678';350.0;0.06353541081223131
679;84.82270891999464;102.05056274308579;-4.330090958302576;50.0;{29.445820693206535,21.702826354435057,0.0};'xxx679';350.0;0.09023785886568733
680;82.46404200706624;74.06251174292622;-4.330090958302576;60.0;{76.44943486502217,56.58812828426352,0.0};'xxx680';350.0;0.13114838276373358
681;77.9927759379282;44.09337634314659;-4.330090958302576;70.0;{82.8867842749061,76.90976982421816,0.0};'xxx681';350.0;0.2080350176026929
682;64.56916259175962;13.805581542450684;-4.330090958302576;80.0;{24.09112424917701,79.6829926192445,0.0};'xxx682';350.0;0.42942125923211366
683;0.0;0.0;-4.330090958302576;90.0;{98.4710215158445,18.49011106536902,0.0};'xxx683';350.0;433.8353536276498
684;90.000000000035;0.03106368646953514;-0.00000000000000611;-90.0;{45.38678666649528,16.811543651821715,0.0};'xxx684';360.0;-0.00000000000061076
685;90.00000000000004;30.90621765645226;-0.00000000000000611;-80.0;{33.391782132774594,70.17323051087806,0.0};'xxx685';360.0;-0.0000000000000006
686;90.00000000000003;60.873365528713926;-0.00000000000000611;-70.0;{55.976739391180075,67.307249119322,0.0};'xxx686';360.0;-0.00000000000000029
687;90.00000000000001;88.99090699279486;-0.00000000000000611;-60.0;{89.35144160876274,50.41545628167601,0.0};'xxx687';360.0;-0.00000000000000018
688;90.00000000000001;114.40450477947148;-0.00000000000000611;-50.0;{37.59931368193301,59.81586017226039,0.0};'xxx688';360.0;-0.00000000000000013
689;90.00000000000001;136.34197957989656;-0.00000000000000611;-40.0;{32.06648983917716,2.9344055574799466,0.0};'xxx689';360.0;-0.00000000000000009
690;90.00000000000001;154.13677232315715;-0.00000000000000611;-30.0;{26.958320077761723,83.2074272959777,0.0};'xxx690';360.0;-0.00000000000000006
691;90.0;167.24819723634877;-0.00000000000000611;-20.0;{75.82582055945335,51.515552146233176,0.0};'xxx691';360.0;-0.00000000000000004
692;90.0;175.27787030818533;-0.00000000000000611;-10.0;{12.56645869560934,73.55939236167136,0.0};'xxx692';360.0;-0.00000000000000002
693;90.0;177.98181398558964;-0.00000000000000611;0.0;{71.81546003894972,13.388648069358322,0.0};'xxx693';360.0;0.0
694;90.0;175.27787030818533;-0.00000000000000611;10.0;{70.08648527476004,8.8977002026709,0.0};'xxx694';360.0;0.00000000000000002
695;90.0;167.24819723634877;-0.00000000000000611;20.0;{11.12175978240273,59.13748956598979,0.0};'xxx695';360.0;0.00000000000000004
696;90.0;154.13677232315712;-0.00000000000000611;30.0;{82.7001007357521,49.23187973972316,0.0};'xxx696';360.0;0.00000000000000006
697;90.0;136.34197957989653;-0.00000000000000611;40.0;{80.41940857935958,0.40555903710964847,0.0};'xxx697';360.0;0.00000000000000009
698;90.0;114.40450477947144;-0.00000000000000611;50.0;{45.670575844029216,56.723860172405736,0.0};'xxx698';360.0;0.00000000000000013
699;89.99999999999999;88.9909069927948;-0.00000000000000611;60.0;{35.9419607521251,6.635962890179526,0.0};'xxx699';360.0;0.00000000000000018
700;89.99999999999999;60.87336552871387;-0.00000000000000611;70.0;{24.368133237915146,86.04286367682545,0.0};'xxx700';360.0;0.00000000000000029
701;89.99999999999997;30.906217656452203;-0.00000000000000611;80.0;{48.85303445298628,76.97329075353937,0.0};'xxx701';360.0;0.0000000000000006
702;89.99999999996501;0.0310636864694774;-0.00000000000000611;90.0;{60.20196936452713,57.86739434928951,0.0};'xxx702';360.0;0.00000000000061076
